,리뷰
0,좋아요좋아요좋아요좋아요좋아요좋아요
1,택배 수령 후 바로 조립하였는데 전망 부분 깨져 있네요 문의게시판에 사진이 안올라가서 상품평에 남겨요 지금 사용해야해서 교환은 어려울거 같은데 전망만 보내주실수 있을까요
2,저렴하게잘샀어요 감사합니다
3,상품 잘 받았 습니다
4,잘쓰겠습니다 감사합니다
5,단도 쎄서 수면용으로는 좀
6,소음이 확실히 크고 단부터 바람이 쎄긴한데뭐 그냥저냥
7,시원하네요
8,저렴하게 구입 해서 잘 사용하겠습니다
9,딸 자취방에 한대 사주고 이뻐서 집에도 한대 작동 잘 됩니다
10,저렴하고 시원하고 좋아요
11,배송 빠르고요 배송 상태도 좋습니다 개 구매해보고 좋아서 개더 구매했어요 사이즈가 작아서 자리 많이 차지하지 않아서 좋고요 디자인도 심플하니 식구들이 이쁘다고 합니다 다만 소음은 좀 있습니다
12,사이즈가 작은 편이라 자리 많이 차지하지 않아서 좋습니다 단이 다른 선풍기 단 정도로 세고 범위가 좁은 대신 멀리까지 가서 에어컨 서브용으로 쓰기에도 딱인것 같습니다 소음은 조금 있지만 가격 대비 완전 추천입니다
13,좋아요 좋아요 좋아요
14,신일 써큐레이터 라는 선풍기가 성능이 좋고 디자인이 멋집니다 그러나 대우 써큐 레이터는 일반 선풍기 처럼 좌우 회전은 편하게 되지만 신일 제품보다는 기능이 떨어집니다 자동 상하조절은 안되고 타이머가 없는점이 저럼한 이우인것 같아요 상하 각도 조절과 타이머 기능이 없고 리모컨 작동 기능이 없습니다 바람은 좋고 소음도 작은편 입니다
15,크기는 일반 선풍기보단 작은데 바람은 그렇치 않고 강해요 소음 약간 있어요 조립 쉬워요
16,조립 후 지지대가 볼트를 꽉 조였음에도 흔들리더군요 그래서 약간 옆으로 살짝 기운 느낌이고 탄내는 안 났고 아주 약간 기름냄새가 났으나 신경 쓰일 정도는 아니었어요 그냥 가격 만큼 인거 같고 선풍기 팬은 사진보다는 작은 느낌 이에요
17,에어컨 바람 안방 통하게 하려고 샀어요 조립도 쉽고 바람도 세사 좋아요
18,와 배송 겁나빨라요 어제주문하고 오늘 오전에 받았어요 소음은 전 괜찮다고 생각되고 바람쌔고 회전은 되구요 타이머는 없지만 가격대비 완전 훌륭합니다 타이머 원하고 소리 크다 하시는분들은 만원 넘는 써큘찾으세요
19,저렴한 가격에 적당한 물건 샀다고 생각했는데 고정나사 조이는 부분이 어이없게 만들어져서는 볼트너트를 조여야하는데 너트른 붙잡을수없이 만들었으면 아예 붙여놓든지요 볼트 조이려고 눞히면 너트가 빠져나오고 조립하다 짜증나 성질버리겠어요 결국 조이지못하고 약하게 걸게된 걸로 사용해야겠어요 누구 아이디어일까요 그 조임방식은
20,딱 그값이에요 바람은 시원합니다
21,선부분이 매끈하지 않고 바람은 세네요
22,선풍기 정말 좋아요 조립도 쉽고 바람도 세고 소음도 이정도면 조용한 편인것 같습니다 저희 낡은 선풍기는 이제 보내고 하나 더 장만해야겠어요
25,조립 무난하게 했어요
27,배송이 진짜 빠르고요 써큘레이터는 처음 써보는데 구매평이 많아서 사봤어요
28,시댁 사드렸는데 시원하고 좋다고 하시네요
29,시원하고 좋아요 디자인도 깔끔하고 이뻐요
30,가격대비 괜찮습니다
31,여자인제가 조립 쉬웠어요
32,써큘레이터 가성비 좋고 바람 시원 합니다
33,사이즈는 생각보다 작은데 사이즈에 비해 풍량성능은 좋아요 근데 그만큼 소음이 크네요 선이나 이런 부분이 다 긁혀있고 깨끗하진 않았어요
34,빠른 배송 감사합니다
35,한대가 안전망이 없습니다 글보시면 문의 확인 해주세요
36,좋긴한데 소음과 헤드부분이 좀 약해요 덜렁거리는느낌
37,사이즈가 일반선풍기보다는 작아요 바람은 쎕니다
38,시간 예약이 있으면 더 좋겠어요
39,자그마하고 시원하고 좋네요소음도 적은 듯 좋아요
40,배송빠르고 디자인도 깔끔해요
41,바람이 멀리나가면서도 시원하네요 무소음을 원라시는거만 아니라면 소음심하지 않고 좋아요 에어컨 앞에두고 쓰려고 샀는데 찬 바람이 멀리 나가네요
42,대우에어써큘레이터 선풍기 사용해보니까 매우 시원해요 날씨가 몹시 더워죽겠어요ㅠㅠ
43,조립도 생각보다 어렵지 않고요 바람도 시원하네요
44,아주 잘 사용중이에요 바람세기도 쎄고 좋아요 가격대비 굳
45,바람잘나오고 좋아요ㅎㅎ
46,기능은 없지만 바람시원하고 좋아서 재구매입니다
47,잘 받아서 사용하고 있어요 조립 쉬워요
48,다 좋은데 냄새기ㅡ 좀 심해요
49,이런거 조립 첨해봤는데 해놓고나니간단한건데 헤맸네요 ㅋ
50,잘받았습니다 감사합니다
51,회전도 안되고 한쪽은 안돌아가네요
52,어우 소음은 ㅋㅋ 머리말릴때아주 잘쓰고 있어요
53,좋은 제품 싸게 잘 샀어요
54,가성비 좋아요 사고본이 조금적은게 흡이네요 잘 쓰겟읍니다 
55,기존 선풍기에 비해 작은데 바람은 진짜 쎄요 그리고 이가격에 가성비좋은거죠 지마켓은 또 할인 많이해주니까 싸게 득템한거같아요 배송도 주문하고 담날 왔어요ㅎㅎ 소리는 거슬리진않고 선풍기정도 개인차가 있는듯요디쟌도 이쁘구 오히려 자리많이 차지안해서 좋아요 전 만족해요
56,작고 이쁘네요 좋습니다 그런데 타이머가 없어요
57,배송은 빠르고 바람도 시원한데 소음이 많이 커요 부모님이 소리 무서워하세요
58,베어링쪽 마찰을 줄이기 위해 구리스를 도포했는지 선풍기를 틀면 그 냄새가 나네요 이게 몇일 돌리면 괜찮은건지 모르겠지만 아쉽기는 하네요
59,배송이 빨라서 넘 좋았어요 조립해서 틀어보니 기존 선풍기보다 소음은 작고 단 틀었는데 기존 선풍기 단같네요 좋음
60,바람이 강하네요
61,빠른배송감사합니다 
62,작은게 진짜 시원하고 조아요 
63,어머니가 사달라고하셔서 번째주문입니다
64,배송빠르네요 감사합니다
66,쓰던거 보내신건 아니겠쪄이런거 잘안남기는데흠 박스부터 쫌 이상타했는데선풍기틀면 고무냄새고무타는냄새약간 비슷하게 나는데 없어지는거겠쪄무튼 작년에사서 괜찮아서 올해도 산건데보내기전 한번 잘살펴 보시는게 좋을듯 하네여
67,이걸 왜 이제 샀나하네요 ㅠㅜ 조그마한게 바람이 대박이에요 ㅠ 감동
68,너무좋아요 소음이 좀있는데 그만큼강력하니까괜찮아요
69,작지만 바람 세고 시원해요
70,배송도 빠르고 저렴하게 구매하고 잘 사용하고 있습니다 
71,번째샀어요 싸도 성능좋습니다 적극추천합니다 개안아요
73,가볍게 잘 사용할 수 있어요
74,잘산것 같아요일반선풍기보다 훨 시원해요 단지 타이머 기능이 없어서 조금 아쉬워요
75,괜찮은데 리모컨은 없네요
76,배송도 빠르고 시원하고 작동도 잘 되고 좋아요
77,가성비 굿굿 좋습니다
78,작년에 집에하나 친정에 하나 이젠 교회에 하나 두려고 구매했습니다 선풍기 목에 얼굴을 고정하는 큰 플라스틱 너트가 끝까지 조여지면 풀려버리는 구조라 몇번이나 다시해서 꽉 조이지 않고 적정선을 찾아 조였습니다 작년에 사용하던거는 올해 다시 조립하니 밑바침 조임이 단단하지 못해서 올해 사용중 두번 다시 조였습니다 이런 몇가지 단점이 있지만 올해엔 쿠폰사용해서 만원도 안되게 구매해서 가성비적으로 만족합니다
79,가성비좋네요 약간짱짱하지는않은데 실내에서얌전히쓰기는좋아요
80,작은데 시원해요 근데 군데 군데 검정색이 묶어있어요
81,가격도 저렴하고 성능도 좋아요
82,넘좋아요 시원하고요 소리가 죠금 큰거 빼곤
83,좋아요 바람도 시원하고 좋네요 생각보단 조용하네요   수고하세요
84,저렴하게 구입했어요 바람세기도 강하고 이동할때 가벼워서 좋은데 타이머가 없어서 아쉽네요
85,상품평 보고 구입했는데 바람이 강해서 시원합니다 소음은 참을만해요 빠른 배송 고맙습니다
86,타임이 없는게 좀 아쉽지만 이정도면 좋으네요
87,불량인것같아요그냥단 회전단은 돌아가질않아요 반품시키기 귀찮아 기냥쓸래요 ㅠㅠ
88,배송도 빠르고 디자인도 깔끔하니 이뻐요 바람 풍량도 아주 좋구요 시간 예약 기능만 있응 더 좋았을것 같네요
89,한개더 시킬려니 가격 올랐어요
90,성능도 저렴하고 세일해서 싸게 삿어요
91,선풍기만 사용하다가 이사오고나서 에어컨 설치가 애매하게 위치가 잡혀서 써큘레이터 주문해봤는데요 쪼만한게 바람이 진짜 쎕니다 ㅎㅎㅎ 에어컨 이용시만 트는거라서 타이머는 딱히 필요없는지라 그런 불편은 없구요 조립도 어려울껀 없는데 끼워맞추는부분 보이는게 선풍기랑 다르게 잘 안보여서 그게 시간이 걸렸네요
92,에어 서큘레이터 두번째 구매했습니다 두번째 구매후 다이얼을 돌리고 나서 멈춤현상이 나고 불량이되어 교환을 했어요 다행이 작동이 잘되네요
93,평이 좋아 구매했는데 작지만 바람 세기는 확실히 세요 대신 소음이 꽤 크고요 게다가 새 제품일텐데 군데군데 엄청 지저분해요 가성비 괜찮은듯
94,에어컨 틀어도 공기순환이 안되어서 주방은더웠는데요 이거 괜찮네요 저렴해서 별기대안했는데 만족합니다
95,좋아서 엄마께 또 보내드리고 또 추천해서 하나 더 사고 올여름개 샀네요 단도 넉넉하게 시원하고 쏘는 바람에 힘이 대박입니다 소음은 좀 있어요ㅎ 조용할때 싱소리 들려요ㅋㅋㅋ
96,소음은 약간 성능굿 디자인깔끔 대우라믿음 전기세 아직모름 시가동중 고장아직없음 가격에비해 좋음
97,시원짱요
98,시원하게 잘되네요 
99,저렴히 구매했어요 고장없이 오래쓰길 바래요
100,서클레이터가 비싸서 여기는 부담없는 착한가격에 판매하길래 구매를 했습니다 배송도 빠르고 조립도 쉽네요 고정나사만 분실하지 않게 관리해주시면 됩니다 다이얼을 왼쪽으로 돌리면 회전과 바람이 나오네요 오른쪽 돌리면 회전은 안됨 소음은 크게 나지 않아요 시끄럽지 않습니다 약 정도 되는 크기라 아쉽네요 
101,선물용으로 샀어요 가격 저렴하네요
102,생각보다 가볍고 써큘이라 바람의 직진성이 좋음
103,잘받았습니다잘받았습니다
105,빠른배송으로 잘 받았습니다
106,감사합니다 잘쓸께요 ㅎㅎ
107,가성비 갑입니다 레알선풍기 바람도 엄청 셉니다 다만 꺼짐예약기능이 없습니다 그래도 바람 쩝니다
108,제껜 소음은 없는데 모터에서 탄냄새가 엄청나네요 일주일정도 사용하면 냄새는 안난다고 해서 사용중이에요
109,바람도 세고 좋아요 타이머 없는게 좀 아쉬워요
110,남편이 안쓴다고 해서 머리 말리는용도로 사용합니다
111,배송빠르고 제품 좋아요
112,빠르게 배송되었고 조립은 간편함
113,단만 해놔도 시원하고 좋네용 ㅎㅎ
114,조립하기 편하고 바람도 셉니다 다만 다이얼식이라 생각보다 좀 불편하더라고요 몇일 써봤는데 아주 잘 돌아갑니다 
115,너무 이쁘고 시원해서 추가로 구매햇는데 좋아요
116,바람도 쎄고 회전도 되고
117,빠른배송 감사합니다 ㅡ조아오
118,작아요바람은 센데 시끄럽네요
119,가격이 저렴해서 구매했는데 딱 가격만큼이에요
120,사이즈가 아담하니 좋네요 바람도 쎄요
121,가성비굿입니다짱짱짱
122,괜찮아요 많이크지도않구요
123,첫구매후 좋아서 추가구매했어요 상품 마음에 들어요
124,꺼냈을땐 이거 왜케 작아 이랬는데 조립하고 켜보니 바람 많이 쎄요 쎈바람 좋아하시는분한텐 강추 가성비 갑인듯
125,좋아요 좋아요 좋아요 좋아요 좋아요 좋아요 좋아요좋아요 좋아요 좋아요좋아요 좋아요 좋아요좋아요 좋아요 좋아요좋아요 좋아요 좋아요좋아요 좋아요 좋아요좋아요 좋아요 좋아요좋아요 좋아요 좋아요좋아요 좋아요 좋아요좋아요 좋아요 좋아요좋아요 좋아요
126,스마일배송 대단하네요 일요일 오후 주문 월요일 낮 도착 제품은 좋아서 재구매 한거고 배송까지 맘에 들어요
127,소음은 좀 있디만 아주 강함 장점이라면 장점이고 단정이라면 단점일것이 단인데도 바람이 쎄다 멀리까지 바람이 전해짐
128,배송도 빠르고 제품도 잘 작동합니다
129,선풍기가 오래되어 써큘레이터를 구입했습니다 훨씬 시원하고 좋네요 아들이 와서 이 가격에 이제품이 실화냐고 깜짝 놀라며 당장 하나 사야겠다길래 선물로 하나 구입해서 보냈습니다
130,크기 가격 모두 내 사정에 맞네요 특히 중국졔는 가 걱정인데 안심감 생기네요
131,배송이 빨라서 넘맘에듭니다
132,빠른배송감사드립니다 조립간단하나 약간 허접헤드부분조립시 살짝 벌어져요 단단계시 소음 심하지만 바람은 멀리까지오네요
133,선풍기만 사용하다가 써큘레이터 첫구매함 사이즈 아담하고 귀여워요 에어컨과 같이 켜면 좋다길래 사용해봄 아직 선풍기와 차이점 모르겠음
134,소음 심하다하겼는데 딘짜 예민하신분아니시묨 괜찮아요  조금한게 엄청 시원합니다 
135,작지만 강력하네요 좋아요
136,단순하고 좋네요
137,선풍기보다 작은데 바람강력 타이머 기능없어서 불편
138,새제품이라서 그런가 바람은 시원해요 근데 타이머기능이 없는 제품이네요요즘 타이머기능은 기본으로 다 되는줄알고 기능 잘 안보고 샀는데 그게 좀 아쉽네요
139,남자아니면 시계반대방향으로돌리는 부품도저히 분리되어 왔어야하는데 남자도 빼기가 정말 힘들더군요 힘들게 주만에 했는데 이번엔 단이 안됩니다 에쁘긴한데 반품하 기 너무 귀찮아서 반품 안하고 쓰는데 단이 안돌아가네요 단단만 돌아가구 휴진짜 예쁘긴한데
140,바람이 단 인데도 엄청 세네요 타이머 기능이 없는게 아쉽네요
141,선풍기보다는 소음이 있어요 바람은 아주 세요 디자인 깔끔 다이얼 돌리는거네요 가벼워요
142,사실 많은 기능은 없지만 공기순환용으로 구입한거라 가성비 좋은 것같아요 소음은 낮에는 별로 안느껴지는데 밤에 예민하신분들은 신경쓰이실 수도 있습니다
143,좋아요좋아좋아요좋아
144,일반선풍기보다 헤드사이즈는 반정도 작지만 성능은 좋아요 다이얼형이 나은것같아요 리모컨너무 돌아다녀서잃어리고 건전지라 불편하드라구요
145,너무 쉬원합니다
146,두번째 구매 했는데 가격대비 괜찮아요
147,가성비도 좋고 포장상태도 맘에 쏙 들어요 그리고 배송도 완전 빠르네요
148,배송도겁나빠르고디자인도예쁘고 성능도짱좋네요 실은리모컨있는거랑고민했는데예뻐서만족해요
149,크기가 아담하고 가벼워요 그만큼 조금 안정감이 없다고 할수도 있겠구요 조립은 아이가 할만큼 아주 쉽네요 몸통에 윤활유같은 기름이 묻어있어 당황스러웠네요 후기에서처럼 소음은 좀 있는것 같아요 근데 그건 작으면서도 강한 바람세기 때문이니 괜찮아질만큼입니다
150,가성비가 좋아요
151,디자인깔끔하고좋네요
152,어렵진 않은데 귀찮음 근데 가격 생각하면 기분 좋음 단해도 강력함 대신 돌아가는 소리가 ㅈ좀 남
153,타이머 없어서 당황했지만 기본기능은 충실하네요 소음은 약간 있는편으로 느껴지지만 가격대비 기능은 만족해요
154,작년에 사용해보고 좋아 올해 또 사 봅니다 가성비 갑입니다
155,너무 시끄러워요 ㅠ
156,일단 조립간단하고 소음은 약간 있지만 바람쎄고 시원해요 재구매의사 있어요 잘쓰겠습니다
157,시원은 한데 시끄러움
158,좋아용 좋아용 좋아용
159,잘 받았습니다
160,진짜 진짜 진짜 귀엽고 시원해요 근디 타이머가 아쉽네요
161,좋아요 맘에 들어요
162,에어 써큘레이터 시원 소음 코드길이짧음
163,배송도 빠르고 제품도 좋습니다
164,딸아이방에 조립하여 넣어주엇습니다 반품된 상품인듯 포장상태가 맘에 안들엇지만 조립해보니 작동 잘 되고 모양도 조아서 기냥 사용하기로 함요
165,타이머 빼곤 바람세기회전 조립 모두가 다 좋아요
166,분리되어 배송되니 모두 조립해야 합니다 조립하는데 시간 오래 걸리지않고 그닥 복잡하지도 않아요 바람이 꽤 쎕니다 가격면이나 기능면으로 우수합니다
167,약한 바람 좋아하시는 분한테는 안 맞구요 센 바람 시원하게 잘 나와요
168,오래된선풍기바꿀려고 샀어요 째깐한데 잘되네요 귀엽고 ㅋㅋㅋㅋ 목이 쬐끔늘어나네요 심플하고 가격저렴해서 나쁘지않아여 색깔별로 출시해도 귀엽겠어용 ㅋㅋ 배송은 물론 빨라오
169,넘 작고 귀엽고 시원해서 한대 더 구입했어요 타이머는 여전히 아쉽긴해요 밤새돌렸네요
170,타이머 기능 없는것 빼고 최고
171,타이머 기능이 없는것 빼고 가성비 최고
172,타이머 기능 없는것 빼고는 최고입니다
173,가격대비 시원하고 좋아요 약간 소음있는데 그정도는 참을만해요
174,엄마가 필요하다 하셔서 구매해 드렸어요
175,심플하구 가벼워요 소리도 크지않구 조립도 쉬어요 바람세기 좋네요
176,시원한데 아직도 냄새가 완전히 사라지지 않았어요 그게 아쉽
177,혼자서도 조립하기 쉬워요
178,시원하긴한데 재구매는 안할듯해요
179,추천합니다 추천합니다
180,뚜껑이 잘못온줄알았는데 제가 거꾸로 달았더라구요 회전할때보니까 딸깍딸깍 소리나서 다시 조립했더니 잘돌아가네요 소리나시는분들 다시해보세요
181,작은데 바람도 쎄고 좋네요 저렴하게 득템했어요
182,ㅋㅋㅋㅋㅋㅋ 선이 짧아요요용
183,작지만 시원하네요 소음은 좀 있어요
184,조아조아 요 재구매 가능 합니다
185,필요해서 샀는데 잘쓰고있는데
186,저희집에서 구매했다가 공간차지도 안하고 소음도 괜찮고 시원하고 ㅋㅋ 친정부모님댁에 드릴려고 재구매했어요 약간에 앞쪽 망 틀에 흠집이 있긴했으나 크게 문제될게아니라 걍 사용합니다
187,작은데 바람은 음청 파워풀 생각보다 소음이 있어요
188,좋아요 잘도착했어요 피복이 벗겨져 보이는데 안에 전선이 벗겨진건 아닌것 같아서 그냥 써요
190,너무 예쁘고 성능좋은 선풍기
191,사이즈가 아담한것치고 바람세기 세요 새제품이라 냄새가 좀 심하게 나고 소음이 좀 있네요
198,배송도 빠르고 가볍고 좋네요
199,저렴하게 잘산것같아용저렴하게 잘산것같아용
200,조립시 날개 고정너트를 타이트한 방향으로 꼬옥 조여주세요 확실히 처음보다소리가 덜납니다 가성비 좋습니자
201,잘받엇어요잘받앗어요
202,좋아요 좋아요
203,귀엽고 예쁘고 성능좋네요
204,아주좋습니다잘슬게요ㅡ
205,배송도빠르고 상품도 넘좋네요
206,빨라요 조립해볼께용
207,작아서 공간차지 않하고 심플합니다
208,다른건 다쉬웠는데 몸체와 기둥 연결시 세워서 마춰야 편함 줄 넣고 구멍맞춘다고 눕혀서 햇더니 안맞아 헤멤ㅡㅡ 작동잘되고 소음은 약간있지만 일단 선풍기보단 쎕니다 선풍기가 단거리용이라면 이건 장거리용 ㅋㅋ회전도 잘되고 상하 각도도 괜찮아요 선풍기보다 비싸긴해도 공간차지가 작아 원룸이나 작은방엔 딱 갠적으로 강추 
209,바람도 세고 가격도 착하고 강추합니다
210,지인이 제가 산걸 보더니 딸한테 준다고 주문해달래서 주문했어요 가격도 저렴하고 바람도 무지 세답니다
212,싸게 잘샀어요 아직사용전이예요
213,디자인도 맘에들어요 잘 구입한듯
214,다 좋은데 소리가 너무커요제기준 시간 타이머 없어요
215,제품에 아주 만족합니다
216,바람이 일직선으로 쭉 잘나가요
217,선풍기가 필요해서 구매했는데 예쁘고 자리차지 덜하고 바람도 세요 아쉬운 점은 타이머가 없음
218,좋아요 소음 심하지 않아요 깔끔하고 작동 잘 됩니다
219,저렴하고 좋은 상품 감사합니다
221,작지만 바람이 쎄요 소음은 크지않고 가성비 좋아요 타이머 없는것이 좀 아쉽네요
222,바람 세고 시원합니다
223,가가가없는 선풍기도 있구나
224,저거땜에 식겁했어요 엄청 안돌아가서 문의했더니 잡고하라는 너무 당연하고 뻔한 성의없는 답변에 울컥했네요ㅡㅡ겨우 풀었더니 또 저거 안잠겨서 헛돌아서 두번째 멘붕ㅋㅋ 너무 더워서 그냥 대충 올려놓고 작동했더니 나사만빠지고 날개가 들어가주는 바람에 어찌어찌 했지만 설치시간이 엄청 길었던 휴
225,작고 시원합니다
226,취침타이머 없고 그냥 풍량쎈 선풍기인거같아요 풍향범위가 좁은건 좀 아쉽네요
227,감사합니다 감사합니다 감사합니다
228,소음이 있다는 평이 많은데 펜이 작아서 소음이 있을 수 밖에 없는 구조네요  그래도 그냥 거실에서 더울 때 잠깐 쓸수 있는 용도로 산거라 대체적으로 만족해요
229,부피도 있고 안에 넣는거니 그냥 쓴다만 이런 제품은 처음이네요 반품 귀찮아 그냥 씁니다
230,상태도 좋고 바람도 쎄고 좋아요
231,처음엔 너무 작길래 잘못 골랐구나 싶었는데 볼수록 귀엽고 너무 시원해요 오히려 자리 안차지하고 더 시원하니 최고 가격 역시 착하고요 그래서 하나 더 구입합니다  올여름 시원하게 부탁해
232,잘받았습니다 잘왔어요
233,복잡하지 않은 사용방법땜에 잘사용할것 같네요 고장만 안나면 좋으련만 아직은 좋은건만 보이네요
234,조립도 쉬운 편이고 작동 잘 됩니다 다만 조금 상처들이 있네요
235,빠른배송 좋은품질 굿굿
236,할인받아서싸게잘샀어요바람쐬기도좋아요
237,저렴하게 구매했어요 마음에 드네요
238,대우 에어 써큘레이터 스텐드라 사용하고자 하는 장소에 안성맞춤 입니다 잠깐 켜보니 시원하네요
239,바람세기도 괜찮고 맘에들어요 기능이 단순해요
240,적어서 공간차지 덜하고 바람도 멀리 가네요
241,생각보다 작은데 바람은 시원하네요 에어 써큘레이터를 처음 써봐서 그런지 저소음인지는 잘모르겠습니다 소음이 작지는 않아요
242,귀엽고 시원하고 가걱싸고 
243,너무 귀엽고 성능도 좋고 개 샀어요
244,공간도 많이 차지하지 않고 시원하고
245,배송빠르고 풍향쎄서 좋네요
246,소형이라 공간 많이 차지하지 않아서 너무 좋아요 시간조절기능이 없어 아쉽네요
247,너모 싸서 급하게 지르느라 확인못한게 잘못이죠ㅋㅋ 타이머기능이 없네요 하지만 다른건 다 만족요
248,기둥이랑 바닥조립부분이 살짝 흔들거리고 소음이 좀있지만 바람세기는 최고네요
249,맘에듭니다 타이머없는거 빼구요
250,가격대비 만족합니다 바람 쎄기도 강하고요 이가격에 소음까지는 바라지 않지만 귀엽고 괜찮아요
251,좋아요좋아요좋아요좋아요좋아요좋아요감사합니다
252,바람 쎄고 이쁘기까지 하네여
253,바람 엄청 세고 좋네여 소음도 적은편이고요 잘 쓰겠습니다
254,선풍기 너무 저렴하게 구입했네요 조그만한데 바람은 엄청 강하네요 빠른배송 너무 놀랐네요
255,빠른 배송 감사합니다
256,항상쓰던거이요 좋아요
257,귀여워요 작아서 보관하기도 편하고 조립도 간편 한대 더 주문해야겠어요
258,배송도 빠르고 너무 좋아요
259,가격이 너무 저렴해서 걱정했는데 생각보다 너무 마음에 들었어요 앞으로도 자주 이용할께요 감사합니다
260,너무 좋아요 바람도 세고작지만 가성비 좋은듯요 하나 더 사야겠네요
261,교환처리 하니 오래 걸려 받았어요시원해요
262,빅스마일 데이에 찜해놨던 물건 싸게 잘 삼
263,작은 깨진듯한 부스러기 있고 박스포장이 좀 엉성한거 빼고는 가격대비 무난합니다
264,좋은데 타이머가 없어서 아쉽네요
265,조립만하고 사용은 아직요
266,디자인이쁘고 조립쉽고 한데 소음이 어마어마합니다
267,소음 좀 있긴한데 괜찮아요ㅎ
268,배송 엄첨 빠르고 좋네요
269,목부분 끄덕거림 빼고는 다 좋아요
270,목부분에 끄덕거림이 있는거 빼고는 다 좋아요
271,가성비는 좋은 편인데 힘이 없어서 약간 흔들거림이 있는것 같아요
272,배송 빠르고 좋아요 잘쓸게요
274,가격도 저렴하고 좋습니다
275,조립도 간단하고 사용법도 간단하고 선풍기 날개가 작으니 공간도 덜차지하고 바람도 세고 배송도 빨라요
276,시원하니 좋아요 잘 사용할께요
277,배송도 빠르고 가격도 착해요
278,소음은 좀 있는 편이에요 쓰던 선풍기보다 소리가 커요 바람이 멀리 퍼져요
279,조립이 간단해서 뚝딱했네요 작지만 세요
280,배송 빠르고 써큘도 좋아요
281,다좋은데가격도 그렇고 시원하고 밑에 나사 끼우는게 누가쓰던걸 보낸건지 반품하려다 한철 쓴다 생각하고 그냥씁니다 싸다고 이런거보내지마세요
282,단인데 바람 완전 셈
283,배송좋아요
284,여름에 잘쓰겠어요 감사
285,받앗어요 타이머없는게 거시기하지만 소음적고 성능조아서 두번째삼ㅋ
286,요즘 일반 선풍기도 왠만하면 리모컨이 같이 나오던데 이제품은 리모컨도 없고 생각했던거 이하에요
287,잘받았습니다 아직 설치하기 전입니다만 잘사용하겠습니다 감사합니다 앞으로도 잘 부탁드립니다 역시 굿입니다
288,배송 하루만에 왔어요 조립전에 선이 까져있고 갈색이 묻어있어 걱정했는데 작동 잘됩니다 바람도 쎄고 싼가격에 잘샀어요
289,소리가 좀 크다고해서 걱정했는데 집에 있는 거랑 비교했을때 크게 더 시끄럽거나 하진 않은거 같아요 좋아요
290,엄청 빨리왔네요 아직 사용전이지만 좋을꺼라 믿어요
291,꼼꼼히 잘 포장돼서 잘 받았네요 작동도 잘 되네요
292,생각보다 조금 소리가 크긴 한데 거실에서 사용하려고요 바람도 세고 좋아요
294,일반선풍기에 비해 작으면서 소음도 그리 크지않고 바람은 쎕니다 작은데 바람은 쎄니까 거실 제일 바깥쪽 모서리에 세워서 보관하기도 좋고 그 자리에서 식탁까지 바람도 잘 옵니다 쿠폰 이용해서 저렴한가격에 잘 샀습니다 복잡한 기능은 없고 단계 바람세기 조절과 좌우회전기능만 있습니다 리모컨 없는건 괜찮은데 타이머가 없는건 약간 아쉽습니다 그런데 택배는 조심스럽게 해주시면 좋겠습니다 사진처럼 상자 찢어진거 보면 내용물도 망가졌을법 한데 다행히 안망가져서 그냥 씁니다
295,조립도 간단하고 바람도 세고 만족합니다
296,배송도빠르고 조립도쉽고 가성비값 선풍기네요
297,좀 작긴하지만 더울때 제대로 사용하고 다시 올려야 할것 같네요
298,잘 받았습니다잘쓰고있어요
299,너무 허접해요 물론 저렴하긴 하지만 사진에 먼지랑 기름기 보이시죠 만지기가 겁나드라구요 그리고 조립하는곳 나사 곳곳이 마무리가 영안좋아서 뻑뻑합니다
300,선풍기 너무귀여워서 한대더 주문합니다회전 안된다는분들됩니다ㅋㅋㅋ아래 바람세기버튼으로 다되요
301,동그라미 표시 부분만 나사가 있고 테두리 개 구멍에는 나사가 없어요 딱 적당고정만 하라는 거겠죠
302,눈에 보이는 외형은 비싼제품 못지않네요 잔고장 없이 사용했으면 좋겠습니다
303,제품 포장하다가 들어간건지 꼬질한 장갑한짝이 들어있네요 ㅎㅎ 것두 엄지랑검지는 잘려있고요 ㅋ 여튼 좀 찝찝하긴하네요
304,총알배송 하루만에 왔습니다 조립도 금방하고 넘 시원하네요 에어컨 바람 싫어하는데 딱입니다
305,좋아요 가격대비 만족합니다
306,쿠폰할인도받고 파손없는안전배송에 조립도쉽고 회전도잘되고 작고기여운데바람은시원하고 자리도차지마니안해서조아여 단점은 시간조절기능없고 작동시소음은 좀있네요 선이짧아요 가격대비가성비는괜찮은것같아여
307,디자인도 깔끔하고 바람도 세서 시원해요 단틀면 좀 시끄러운감이 있지만 다른것도 그럴거 같고 타이머 없는게 조금 아쉽네요
308,싼 가격에 잘 샀어요 타이머가 안 되는 불편함은 있지만 싼가격에 너무 많은걸 바라면 안되겠죠 ㅎㅎ
309,귀요미하네요 작은방에 쓰기 괜찮은듯
310,배송도빠르고너무조아요
311,저렴하게 잘 구입했답니다
312,저렴한만큼 바람두 약하네요
313,좋아요 좋은데 나사가 없네요
314,슬슬 더워지길래 미리 시켰는데 조립도 쉽고 괜찮은 것 같아요 틀어봤는데 소음도 별로 없고 좋아요
315,디자인 너무 깔끔하고 이뽀요 바람도 시원하게 잘나오네요 타이머 없는건 아쉽지만 이쁘니까 봐줄수있어요ㅎ
316,좋아요 아주좋아요 좋아요
317,대우 믿고 샀는데 성능 좋겠죠
318,전선길이가 조금 짧은것은 단점이나 가볍고 바람쎄요 크기가 작지만 선풍기보다 강력바람 저렴하게 잘 샀어요 만족합니다
319,단만 틀어도 시원함이 멀리 가네요 디자인 좋고 가성비 좋은 제품이예요
320,성능이 좋길 바래요 상품평 보고 구입했어요
321,아들이 사자고 해도 선풍기 대에 에어컨까지 고민 좀 하다 구입했네요 조립도 분 뚝딱 가격대비 좋네요 하나씩 장만하세요
322,아직 써보진안아어요 쿠폰써 저렴하가게 구매해어요 올여름 잘나게네요
323,대우 에어 써큘레이터 바람 세고 좋아요
326,넘 맘에들어요 여자혼자서도 조립문제없어요 기욥고 깜찍해요 더워지기전에 준비끝
327,가성비 짱 인거같아요
328,선풍기및 에어써큘레이터 몇개째 구입년 쓰면 바꿔야했는데 대우제품 수명은 얼마나갈지 몰라도 제품은 정말 좋네요작은 크기에 비해 굉장히 시원대만족 오늘 상품수령후 한개 더 구매함
329,선풍기 쓰던게 고장나 저렴한 가격에 후기가 좋아 구입 해 봤어요 소리가 크다는 평이 있던데 무풍 아닌 이상 저정도 바람 소리는 다 나는 정도 에요 가성비 짱이네요
330,쿠폰으로 저렴하게 구매했구요 작지만 시원하네요 타이머가 없어 아쉽지만
331,사람쇠요 넘 시원해요 단점은 타이머가 없어요
333,배송은굿 기둥 배선이 잘려 있어요동그란 버튼 기스벗겨진건지 검은색 안지워져요 가격이 저렴하고 교환 번거로워서 배선 데이프로 돌돌 말았어요 작은거 치곤 바람이 쌔고 색상 디자인 귀여워요소음이 크네요 타이머도 없고
334,생각보다 넘 귀엽네요 회전도 되고 바람도 잘 나옵니다
335,작지만 바람이 강해서 좋아요 가성비가 좋네요
336,디자인 색상 성능 맘에 들어요
337,조립쉽고 사이즈 자리안차지하고 깔끔하니 조아요
338,바람이 아주 시원해요 디자인도 깔끔해서 마음에 듭니다
339,자세히읽어보삿어야했는데상품평보고산더니시간타임도없고 바람도혼자쇠기밖에안되요 가족들이한데씩 끼고살아야하네요 잘못삿어요
340,디자인 예쁘고 가격 착해요추천합니다
341,배송은 빠르나 제품에서 소음이 생각보다 많이 나네요
342,작지만 션한데 타이머가 없는게 아쉬워요 딱 중국산 장난감 같네요
343,좋아요좋아요좋아요좋아요
344,배송진짜빠르고 엄청시워해요
345,조립도 쉽고 성능도 좋아요 만족합니다
346,단으로해놔도시원하고좋습니다
347,어제받아보구또샀어요착한가격 굿
349,소리는 제법 나는데요 쓰는데 사용상은 큰문제가 없겠네요
350,머리부분을 바짝올리고 시작하니 쉽게 조립이되네요 올여름 잘 쓸것같네요 바람세기도 무척세네요
351,공간차지 적고 시원하고 작동 간단하고 아쉬운점 두가지는 소음도 참을만하나 회전시 일반 선풍기에비해 회전폭이 좁고 안전앞망 안쪽에 다섯부분 로 튀어나와있는 부분이 너무 얇으면서 날카로와서 세척시 다칠수 있다는 점 어느분 상품평처럼 여름에 머리말리기에는 진짜 갑일듯하고요 취침시에는 소음때문에 단으로 참고로 조립시 본체기둥을 홈으로 끼울적에 길게 연결된 코드선먼저 기둥안쪽으로 밀어넣고 끼우시면 됩니다 손으로 밀어넣어도되고요 기둥 뒷면에 높낮이 조절버튼 누르시고 올리면 따라 올라가더라구요
352,작지만 바람 세고 가볍고 너무 만족합니다
353,두개주문했는데 옥션보니 가격이ㅠㅠ 아쉽지만 잘쓸께요 시원해요
354,조립쉽네요 배송완전빨라요 할인받아서 사려고 취소했는데 취소가안되서 하나는 할인없이 샀어요 근데 오늘옥션들어가보니 더 싸네요 할인없이 사는게요 ㅠㅠ 아쉽네요 상품과 배송은 만족합니다
355,어제 오후에 주문하고 오늘 받았네요배송이 거의 로켓이네요재고물량이 있었나봐요제품은 좋습니다 다만 날개가 작아서 조금 아쉽네요
356,작아서 귀엽고 생각보다 시원해요 받침대가 약간 부실해 헤드부분이 엎어질까봐 살짝 걱정되지만 잘 쓸께요
357,작고 앙증맞네요 ㅎㅎ
358,배송 빠르게 잘 받았어요잘 쓰겠습니다
359,딱 기본만 되는데 바람 시원하고 공간도 크게 차지하지 않아서 좋아요
360,당연히 있어야할 타이머가 없네요 반품하려다 조립하고 발견한 탓에 그냥 쓰기로 취침 타이머 사용하시는 분들은 비추요
361,작은데 바람쎄네요 좋아요 한대 더 살까합니다
362,배송빠르고 좋아요 추천합니다
363,받앗어요 저렴이 잘데려왓네요ㅋ
365,잘 받았습니다 많이 파세요
366,조립하기 쉽고 디자인 깔끔하고 좋아요
367,좋아요다음에 또 살게요
368,귀엽게 생겨서 용서한다
369,회전이 좌우로만 되는군요 하늘쪽으론 안되는군요
370,바람세기 괜챦아요 작지만 좋아요 시간타이머가 없어서 아쉬워요
371,가격대비좋아요 만족합니다
372,가성비 좋고 시험사용해보니 작동 잘되고 일반선풍기 보다 작아서 보관이 좋을듯함
373,일단 조림하다보니 하단부분과 이어지는 기둥 연결부위를 사진처럼 전선의 기스가 발생될수밖에 없는 디자인으로 만들었더라구요 하단 레버돌리는 상판에 기름같은게 묻어져 있어서 조립하다가 손 여기저기 묻게 되구요
374,아직조립을못햇어요 평믿고주문한거라서하자만없길
375,크기 풍량 디자인 모두 좋아요 하지만 피복쪽에 문제가 있었습니다 전기 테이프 감아서 쓸건데요 보내실 때 물건 확인이 좀 필요할 것 같네요 안전상에 문제가 있을 수 있으니까요 많이 파세요
376,배송빨라요 작고 이쁘요 타이머 기능이 아쉽네요
377,저렴하지만 바람은 쎄고 시원하네요 재포장한티가 좀 나서 기분이 썩 좋지는 않지만 쓰는데 이상없으니 그냥 써요
379,잘받음 시원함
381,작지만 바람도세고 대만족입니다
382,빠른배송과 좋은가격 강추합니다
383,조용하고 바람도 세고 좋아요 재구매해요
384,만족합니다 싸고 바람도 쎄고 좋아요
385,가격대비 매우 만족합니다 다만 소음은 좀 있어요 하지만 단에서 상당히 강력하기 때문에 이정도 소음은 당연한 수준인것 같습니다
386,가격도 착하고 성능도 괜찮고 좋아요
387,시원하니 좋아요 조립하는데 처음에 조금 고생했는데 쉽게 할수 있을듯 해요
388,배송도 빠르고 만족합니다
389,가격은 쿠폰덕 봤고요 바람은 강한편이지만 좌우회전이 잘 안되요걍 회전안하고 사용할랍니다
390,하 진짜 상자에 제대로 들어가도 않고 반품안되서 쓰기로 했다만 최악에 싸구려다
391,조립 쉬워요 여자혼자 가능
392,아이들 방에 두려고 샀어요 타이어가 없는것 빼고는 다 좋아요
393,회전이 안되서 교환을 했는데 일만에 그것도 전화로 재촉을 해서 받았네요 교환 받은 제품은 정상이고 마음에 들지만 교환이 느린거는 고쳐져야 겠어요 그리고 기본 높이는 절반 정도만 되면 좋겠어요 그 상태에서 높이는 수동 나사로 높이 고정하든 폴대를 추가하여 고정하든지 하구요
394,시간타임이ㅜ없는거네요 참고하세요
395,작은데 생각보다시원해요 하나더살까생각중이에요ㅎㅎ 다만 타이머없는게아쉽
396,사고나니 타이머가 없네요ㅡㅡ
397,시원하고 소음도 없고 좋습니다
398,기대보다 키가 작아요 소리도 시끄럽고 ㅠ
399,완전 좋아서 재구매
400,좋아요 디자인이 깔끔해요
401,배송은 빠릅니다 근데 선이 짧아요ㅠㅜ
402,공간 차지 안하고 시원한 바람
403,누가 쓰던걸 보낸건지 더럽다 부실해서 잘 부서진다 최악이다
404,기대감으로 구매했습니다 선풍기가 좀 부족해서 저렴한 가격에 구입해 봤는데 좋았으면 좋겠네요 선풍기들이 고장도 잘 나고 바람세기나 소음이 가각인데 어떨지 모르겠네요 기대감안고 조립해 봐야 겠어요
405,두번째 구매해요 가격도 저렴하고 바람이 무지쎄서 좋아요
406,조립도 간단하고 파워도 좋네요 감사히 잘쓰겠습니다
407,다 좋은데 초미풍이 없어요 단도 바람이 쎄네요 여름철 잘때는 못쓰겠네요ㅜㅜ
408,너무너무 감사합니다 선생님 안녕하세요 저는 방탄소년단 황금 막내가 너무 많아서 그냥 다
409,에어써큘레이터 에어에어
410,배송은 안전하게 왔구요 조립도 쉬웠구요 바람도 시원하고 좋네요 소리가 좀 있긴 하지만 사용 쉽고 좋네요
411,엄청시원하네요 멀리까지 시원해서 좋아요
412,저렴한 가격에 맘에 들어요
413,쉽다고는 하는데조립시작합니다 화이트라 깔끔하네요
414,일단 가성비 최고고 디자인 너무이뻐요 만족함
415,가격보고 미쳤다리 싼게 그렇겟지 생각했다면 오산 가성비는 이럴때 쓰는말 역시 대우 짱
416,배송이 빠르고 버튼조작이 단순해서 좋아요 바람의 세기도 좋고 바람이 멀리까지 갑니다 공기순환용 써큘레이터로 추천드리고 소음은 일반선풍기 소리만큼 납니다 저소음은 안됩니다 취침용으로는 시끄러울 수 있어요 쿠폰으로 저렴하게 구매했어요
417,고장나지말고 잘살아보자
418,소음도 크게 없고 조립도 간단하고 최고 
419,배송빠르게 잘받았습니다
420,시원하고 슬림해서 좋아요 하나 더 살까 고민중
421,넓은 공간에서 사용하기 좋아 하나 더 주문했습니다 작은 공간에서는 소리가 조금 크게 느껴지네요
422,어제주문했는데 오늘와서 좋네요 오자마자조립하고 사용합니다
423,좀작긴한데 방에서 쓰긴좋아요 조립도쉽고 바람도시원 근데타이머가없는듯
424,써큘레이터 장만해 봤어요 저렴하네요 선풍기보다 작아요 조립ㅠ
425,생각보다 조립어렵지않고 잘돌아갑니다
426,일반 선풍기보다 사이즈가 작아 공간 많이 차지하지 않아 좋고 예쁘네요 성능도 좋아 먼 거리까지 바람이 시원하게 전달되네요 아주 만족합니다
427,작고 귀엽네요 바람도 시원하구요 조립도 쉬워요다 좋은데 타이머가 없어서 그게 아쉬워요밤에 잘때 틀고 잘 선풍기는 다른걸로 구매해야겠어요
428,처음에 구매한게 불량이라 반품처리 하고 바로 시켰는데 스크레치라고도 할수 없는 까짐엄청있고 나사 꼽는곳에 녹 도 있어요끈으로 묶여있지도 않고 안 부셔지고 온게 다행이네 귀찮아서 그냥 씁니다
429,울 딸이 너무너무 좋아올 여름 더위 걱정하지말고 잘 지내고
430,년 전에 구매해서 잘 사용하다가 년만에 모터가 고장나서 이번 기회에 재구매 했어요 물가가 올랐는데 가격이 여전해서 신기하다 했더니 헤드에 뒷커버 고정하는 부분이 예전보다 부실해졌고 마감도 허술해졌네요 그래서 그런지 지난번 사용하던것 보다 소음이 심해요
431,대우 믿고 구매했어요 오래쓰기를 
432,좋아요 좋아요 잘받았습니다
433,일반선풍기보다 바람 쎄고 불량은 아닌듯 이가격에 이정도면 아주 괜찮다고 생각함
434,배송 빠르고 조으네요 가격도 저렴해요
435,조립간단하네요 디자인 심플 고장없음 좋겠어요
436,저렴하게 잘 들였네요 타이머 없는 것은 아쉽지만 깜찍해요
437,크게 기대하지 않고 주문했는데 포장도 꼼꼼하고 배송도 총알배송이네요 조립도 설명서 보고 하면 그런데로 할 수 있을 듯요 바람 세기도 좋은데 다만 소음이 조금 있네요
438,올 여름 더위야 안녕히 가세요 ㅋㅋㅋ ㅋㅋ
439,조립하는데 조금 걸림 어렵진않고 귀엽네요
440,짱 쎄네요큰 스탠드선풍기보다 바람 쎕니다
441,배송도 빠르고 제품도 좋아요
443,배송도 빠르고 조립도 생각보다 쉬웠어요
444,조금 가격만큼 기능이 없긴하지만 시원해요
446,작년에도 여러개 주문 가성비 짱이고 바람도 세요 소음도 적고
447,예쁩니다 ㅎㅎㅎㅎㅎㅎㅎㅎ홓 사진은 박스뜯기 전인데 사용감 굿이고 디자인 이뻐여 ㅎ
448,만족합니다 총알배송입니다 감사합니다
449,더워지기 전에 도착해서 잘 쓰고 있어요 바람도 시원하네요 쿠폰으로 저렴히 구매해서 넘 좋네요
450,소음이 좀 큰거 빼곤 아주 좋음
451,좋아용좋아요좋아요좋아요좋아요좋아요좋아요감사합니다
452,소음도 적고 바람세기 좋습니다
453,다 좋은데 타이머가 없군요왠지 싸더라
454,가볍고 조립 쉬워요
455,스마일 배송이라 주문한 다음날 바로 왔네요 조립도 쉽고 화이트라 깔금하고 좋아요
456,시원하고 좋아요 생각보다 팬소음이 있긴합니다
457,배송 진짜 빠르고요 바람세기도 선풍기보다 셉니다팬이 작으니까 좁고 세게 멀리 나가서 앞에 놓으면 정말 시원해요 소음도 그리 심하지 않고요 그런데 우선 냄새 심합니다 그리고 제게 온 게 기둥달린 모터 있는 머리 부분이 삐뚤게 와서 잉했는데 조립 다하고 회전을 돌릴때 확실히 좌우의 회전 각이 극심합니다상세 내용 작성하여 사진으로 첨부하였습니다 이외에도 사진과 동영상도 있는데 걍 간단하게만 했네요 저는 취소 환불 처리하기로 마음을 결정했습니다
458,좋아요
459,써큘레이터 선풍기 조립쉽고 가격 굿 배송 굿
460,바람 단계는 단계 좌우로만 회전됩니다 흰색으로 깨끗해요
461,저렴하게 구입했는데 바람도 조용하게 쓩쓩 잘나옵니다 조립은 여자도 할수있습니다 처음해보는거라 처음엔 조금 헤매긴했지만 금방 조립했구요 디자인도 심플하고 대만족입니다
462,타이머 없는게 아쉽네요
463,쿠폰 써서 저렴한 가격에 잘 샀어요 바람도 시원하고 진짜 만족합니다
464,착한 가격 빠른 배송 좋아요 디자인도 예쁘고 너무 좋아요
465,행사하길래 바로 구매했습니다
466,귀여운거같은데 바람은 쎄요
467,평이 좋아서 샀어요 조립해야되서 불편했네요
468,시원한 써큘 입니다 배송도 진짜 총알배송 다음날 바로 왔어요
469,소음이 조금 나지만 이정도 가격에 이정도 소음은 감사한거죠 ㅋ
470,저는 작년 올해 개씩 총 개 샀고 이번에는부모님 사드렸습니다
471,가성비는 좋아요 바람도 강하고 사용하는데는 지장없이 잘쓰고 있습니다
472,좋아요 좋아요 소리 엄청커요 바람 짱 시원해요
473,소문듣고 주문했는데 배송도 빠르고 좋네요
474,포장은 잘 되서 왔구요 다만 받침과 스탠드가 선으로 연결되어 있어서 멋모르고 훅 잡아당기면 고장날수도 있을거 같습니다 고정할때 선을 살살 밀어넣고 조립하시는게 좋습니다 가격이 너무 싸서 서큘레이터로 쓸수 있을까했는데 받고 며칠 써보니 직진성이 생각보다 좋네요 단으로도 미터 이상은 밀어주네요 소음 조립등등 가격에 비하면 단점이라고 생각하긴 힘들구요 과연 내구성이 어떨지가 궁금한데요 올 한해만 잘 지내도 본전이라고 생각하고 잘 쓰겠습니다
475,옛날 를 생각나게하는 헤드 ㅋㅋ단인데도 바람은 쎄구요 바람쎄면 써큘레이터인가  잠잘때는 못키고 잘거같아요 청정기 세게돌때랑 비슷한 소음정도요 기름진 손자국들과 스크레치있어요 장갑들어있는분도 있던데ㅋ가격대비 조은거같아 잘써야죠
476,아직덥진않아서설치전인데 좋길바래유
477,내일 사무실 가서 사용하고 후기 또 남길게요
478,작아서 더 좋네요 써보고 또 시켜야
479,쎄고 시원해서개째 주문했어요 이번엔 날개조립나사가 빠 가나서안풀려서 엄청고생 ㅋㅋ
481,단도 엄청 시원하네요 ㅎㅎ
482,작년에 구매해서 사용했는데 가성비 짱입니다 추가주문했어요
483,너무 좋아요 처음 은근이 걱정했는데 기대 이상입니다 굿이에요
484,바람도 세고 크기도 작고 디자인도 맘에 들어요 에어컨 앞에 두었습니다
485,한번사용하고너무좋아서샀는데 반품한거 다시보낸건지 기스가 심하네요 전선피복도좀까지고요
486,아들거랑 제거랑 두대 구입했어요
487,아직 덥지 않아서 그런지 많이 시원합니다
488,생각보다 작지만 바람이 아주 시원해요 
489,작은데 바람은 시원하고 귀여워요
490,기존 서큘레이터랑 비교해보니 수동이라 그렇지 바람도 좋고 작고 이뻐서 가성비 최고네요 감사합니다
491,상품평 꼼꼼히 보고 삿기에 크기보고도 놀라지않고 강약조절외에 시간타임이 없다는것도 알고 구매했어요 좋아요 바람도 강하고 다만 소음이 밤엔 좀 클듯요
492,프로쿠폰받아서 저렴하게 주문했어요 조립도 쉽게했어요
493,공간차지가적고 심플합니다 니모컨이 없어 아쉬움
494,빠른배송 감사합니다 부자되세요
495,가격대비 좋아요 사이즈가 작은데 시원하고 좋네요
496,잘받았어요 잘받았어요 잘받았어요
497,배송도 빠르고요 성능도 좋네요기대이상이예요
498,잘받았어요 배송빠르네요 저렴하게 잘 구입했어요
499,아직 사용전이지만 기대됩니다
500,오 작지만 쎈아이 행사때구매 했구요 냄새가 나서 베란다에 전시해 두었습니다
501,저렴하게 집에 두대주문했어오ㅡ
502,조립도 간단하고 싶네요
503,빠른배송 감사합니다 빠른배송 감사합니다
504,빠른배송 감사 합니다
505,제가 사고 좋아서 친가에 이번엔 처가에 주문했어요 가격대비 바람도 쎄고 좋아요
506,너무크지않아서 좋으네요
507,사고나니 기온이 떨어져서 아직 사용은 안했지만 팬이 작고 깔끔한게 보관때도 좋겠어요
508,조립자체는 안어렵고 조립후 마지막 나사조이는부분 저기 나사가 계속 헛돌고 빠져요 나사풀어서 아래에 저기 구멍에 나사쪼이면끝인데 계속 나사가 헛돌아요ㅡㅡ계속 툭 바닥으로 떨어지고 저 나사땜에 썽질베릴듯ㅡㅡ 조립자체가 불량입니다 저걸교환할 생각하니 혈압오르는데 나사를 저딴걸 보내서 조립하다 씅질나게만드네요
509,배송도 빠르고 좋습니다
510,모가지가 이렇게 되었어요 이거 가 될까요
511,작은데 바람 세네요 좋아요
512,에어컨 냉방기 분사용으로 구입했는데 좋아요 근데 코드가 원래 짧은건지
513,조립하기 쉬웠어요 사용자가 바람이 쎄서 좋다고 해요
514,진짜 조그만한게 시원하고 좋아요
515,시원하니 좋아요ㅎㅎ
516,ㄱㅅㅇ즌ㅅ드드드ㅡ듣ㄹㅅㄷㅈ
517,배송 빠르고 제품 맘에듭니다 바람 시원하고 강해요
518,불량보내셨어요 회전할때 딱딱 소리나네요 너무 시끄럽네 반품하려다 고정된상태로만 사용할거라 넘어갑니다
519,시간타이머 기능없는지 모르고샀는데 아쉽네요 바람ㅈ은 션하고 좋아요
520,기름냄새빼곤 가격대비 최고예요
521,바람이 강한만큼 소음도 좀있는데 많이 심하진않네요 그런데 켜며 모터냄새 플라스틱냄새 그게 좀 심해요 상세정보 읽어보니 냄새는 점점 없어진다고해서 열심히 틀어놓고있어요ㅎ
522,저렴한 가격에 빠른배송 성능 다 만족합니다
523,맘에 들어요 마니마니 파세요
524,와이프가 콕 찍어서 구매해달라고 하네요 잘받았구요 다음에 또 구매할께요 번창하세요
525,단 틀고 선풍기처럼 쓸라다가 포기 날아 갈뻔
526,감사합니다 잘받았습니다
527,잘받았어요잘받았어요잘받았어요잘받았어요
528,좋아요 좋아요 좋아요 좋아요 좋아요
529,작은데 되게 시원하고 알차요
530,이제조립했네요 잘쓸께요
531,이제 조립했네요 잘쓸께요
533,작은데 은은하게 시원해요 소음도없네요 추천할게요
534,설치 간단하고 싸고 좋네요 ㅋㅋㅋ 크기는 작은데 한철사용하기 좋아요
535,디자인은 자그만한게 이쁘구요 단을 켜도 바람쌔기는 좋아요 근데 소리가 너무 켜서 안 쓰게됩니다 소리에 민감하지 않은 사람은 괜찮을것 같아요 시원은 합니다
536,조립도 싶구 포인트 이용해서 구매하니 저렴하게 구매한거 같아 기분은좋네요신랑이 회사에 둔다고 하나더 구매하라해서 하나더 주문해서 같이 받았고 타이머가 없어 조금 아쉽다네요 그래도 이가격에 만족해요쎄기도 완전 선풍기보다 더 시원하네요
537,크기는 작아도 바람은 세네요 공간 차지도 안해서 좋습니다
538,우리나라 중견소기업 제품들 괜찮네요 요샌 제품 볼때 굿이 대기업거 안 봅니다 중견소기업 제품도 가성비 따지면 정말 좋아요
539,소음은선풍기랑비슷해요 바람도쎄구괜찮네요
540,귀여워요 바람도 강해어 일단 공간을 많이 차지 않아서 좁은방에 놓기 딱 ㄱ좋아여
541,딸 자취방에 보냈는데 직접 조립하는 번거로움이 있지만 시원하답니다
542,아직 사용전이지만 괜찮겟죠
543,오래 틀어도 열이 안나고 선풍기보다 바람도 쎄고 좋네요 단점이라고 한다면 타이머가 안된다는 ㅠㅠㅠㅠ 그래도 배송도 빠르고 작지만 강합니다
544,좋습니다 사세요 적절합니다
545,시원핮니다 모양도 예쁘도 다만 냄새가 좀나요
546,저렴하게 저렴한듯한 상품 잘 샀네요 딱 그정도
547,만원도 안하는데 풍속 장난아닙니다ㅎㅎ 단점은시간예약이 없습니다 거실에 에어컨 근처에 두면 딱입니다ㅋ
548,싼맛에 그냥 쓰긴 하겠지만 진심 중고 구매한줄 알았다는 ㅋㅋ 검수는 하시는거 맞는거쥬
549,사용하기 좋아요 소음도 적고 사이즈 좋아요
550,상품 잘 받았습니다
551,시원하니 좋아요 귀엽네요
552,광고와 다르게 저소음은 아닌듯 써큐레이터 기준데시벨이 뭔지 모르겠지만 ㅠㅠ 나머지 기능은 단순하고 좋아요 년대 탱크주의를 떠올리는 향수가 나는 제품이네요
553,조금해도 파워가 큰거 못지 않네요 가게에서 쓸려고 주문 했는데 배송도 하루만에 왔고 바람 세기도 진짜 세요
554,작지만 시원하고 소음은 조금있고 조립은 쉽고요
555,빠른배송 감사합니다
556,추가구매합니다 지난번보다때가조금있고 조립하면보이진않지만 전선을보호하는 고무가 까졌다해야하나 찢어져서왔네요 사용은할테지만 걱정우려찜찜함은내몫이네요아쉬움남아요
557,작은공간도 유용하게 사용이 됩니다 소음은 조금 있네요
558,배송도 빠르고 제품도 좋네요
559,빠른배송에 진심으로 감사드립니다 번창하세요
560,저렴해서 제대로 안보고 급 주문했는데 타이머가 없는거였네요 어쩐지 싸더라ㅋㅋㅋ 바람 시원하고 그럭저럭 괜찮네요
561,깔끔하고 시원합니다
562,싸게잘산거같아요써큘렝터 첨 사봤는데 일단 바람은 센데 타이머랑 윗부분 잡는부분이없는건 좀 불편할듯하네요
563,소음은 있으나 비교적 만족합니다
564,개봉전이지만 좋을것 같아요
565,세번째 재구매한상품 하얀색이라 깔끔하고 가격좋고 바람도시원셉니다
566,강력하게 시원합니다
567,겉 커버에 오염과 스크레치가 당장 필요해서 산거라 교환은 못하고 그냥 쓰네요 누가 쓰던거 받은줄 알았어요 ㅠㅠ 성능은 이제 선풍기 못쓸정도로 좋아요 잘닦아서 써보겠습니다 추가 구매 예정인데 부모님댁이랑 선물 보낼거라 검수 잘 부탁드려요
568,남편사무실에서 필요히다고 해서 구매
569,저렴하게 잘 구매한거 같아요
570,타이머 안 되는게 흠이나 단계가 타 선풍기 단계 수준이라 불필요한 정도네요ㅎ
571,리뷰보고 주문했는데 좋아요
572,배송 빨라요 할인받아 싸게 샀어요
573,총알배송 좋아요
574,조립도 간단하고 바람도 시원하고 좋네요
575,조립도 쉽고 바람세기도 적당하네요
577,소음은 바람세기가 있어서 약간 있는편 그래도 바람은 시원하고작은 사이즈에 비해 짱짱합니다 사무실에서 쓰기에는 괜찮고 만족합니다
578,소음은 아주없지는 않은편이고에어컨 쓰면서 공기 순환용으로 샀습니다
579,네바람이 세서 추워요 ㅜ 작은게 바람은 억수로 강하네요 회전도 잘됩니다 소리는 그냥저냥 괜찮아요 크게 신경 안쓰입니다 잠 못잘정도는 아니예요ㅋㅋ 아쉬운게 있다면 길이 인거같아요 높이 올리는거 해도 도토리 키재기 도찐개찐 느낌이라ㅋㅋ 그닥 차이가 없슴다 길이가 ㅠㅋㅋㅋ 이부분 제외하면 만족스럽고 조립도 쉬워요 글고 지탱하는 그 기둥 바닥 지탱해주는 부분이랑 이어줄때보니 전선 훼손되어있던데 뭐금방망가지거나 하진않겠죠
580,스마일 쿠폰으로 합리적소비 했습니다 일년에 좀더 많은 행사 바랄게요
581,좋아요상품좋아요잘샀어요
582,여자혼자 설명서대로 따라하면 금방 조립은 가능해요 가격이 너무착해서 기대안했는데 깔끔하답니다 다만 집에있는 다른 써큘과비교하니 소음이크고 모터 냄새가 아직은 좀나네요
583,배송도 보통이고 상품도 보통이에요 조립도 간편하고 작동도 잘되는데 저렴하니까 리모컨은 바라지도 않는데 시간타이머가 없어서 보통이에요
584,깔끔하고 조립하기 쉬어요 저가용 가성비 좋은제품으로 추천합니다
585,너무 이쁘고 바람세기도 세요
586,쿠폰으로 저렴하게 구매했어요
587,가격대비 바람이 쎄요
588,바람 엄청 쎄고 좋아요
590,시원하긴 한데 소리가 큰거 같에요
591,올여름대비해서 하나더 장만했습니다
592,디자인도 예쁘고 바람도 쎕니다 작년에 부주의하게 사용해서 고장냈었는데 올해 조심해서 오래 사용해보려구요
593,좋아요 좋아요 좋아요 좋아요 좋아요 좋아요 좋아요 좋아요 좋아요 좋아요
594,바람이 생각보다 강하고 좋아요
595,배송빠릅니다 좋아요
596,조립 간단하고 바람세기도 좋은데 냄새가 좀 나고요 회전이 딱딱 거리면서 않되네요 ㅠㅠ 역시 중국산 반품귀차너 걍 쓸래요 ㅠㅠ
597,배송빠르고물건싸고좋아요
598,배송은 빨라서 좋아요 시원합니다 소름은 조금 있는 듯가볍워요
599,바람이 세서 조ㅛㅇ아요
600,저렴하게 잘 구입했어요
601,본채 전선이 정리가 안되서 선풍기 기둥조립이 너무 힘들어요 전선이 꼬여서 제대로 안 꼽혀요 어찌어찌 어설프게 조립은 했지만 비추합니다
602,그런데 소음이 조금 있네요 그리고 저는 추운걸 싫어하는데 단도 너무 쎄요ㅜㅜ 디자인은 이뻐요
603,어왜이리작지했는데 바람은 단틀면 날아가겠어요ㅋ 적당히단틀고쓰는데 가격대비만족
604,진짜 가성비짱 적극추천합니다 누나도 구매 후 만족하심
605,엄청나게 빠른배송 고마워요 기존 선풍기보다 작지만 바람은 세네요 하지만 소음이 있네요
606,바람이 센지는 ㅠㅠ 잘모르겠는데 섭큘이치고는 조용한편이예요
607,리모콘은없고 다이얼로 돌리는형식이긴한데 바람도 세고 좋네요 가장 약하게해도 센편인것같습니다 거실용 에어컨보조용으로 만족합니다
608,리모컨이 없어도 조작법 간단해서 펀리하네요 시윈한 바람이 강력하네요
609,생각보다 좀 시끄럽긴한데 가격이 저렴하니 감수할만한듯하네요 잘받았습니다
610,배송 완전 빠르고 코드줄 짧은거 외에는 시원하고 좋아요
611,배송 그럭저럭 미니 서큘레이터 시원하네요 굿
612,조립하는것도 쉽고 시언하기까지함 집에있는 써큘레이터가 앉은뱅이라 키다리로 하나 더구입 ㅋ 위아래로 양방향에서 트니 에어컨 없어도 될듯
613,배송도 빠르고 제품도 좋아요 다만 시간타이머가 없는게 아쉬워요
614,타이머가 없을줄 ㅠㅠ 그것빼면 아담하니 넘 좋아요
615,좋아요 좋아요 좋아요 좋아요 좋아요 좋아요 좋아요
616,친정보내드렸어요 좋네요
617,감사합니다 수고하세요
618,대우 에어 선풍기 잘쓸게요 
619,딸 자취방에 보냈는데 나름 괜찮다고 하네요
620,감사합니다감사합니다
621,배송도 괜찮았고 상품도 양호하게 잘받았어요
622,쿠폰받아서 만원 초반대에 샀는데 만원넘게산 다이슨 선풍기보다 좋아요 물론 리모컨 타이머는 없지만 단바람이 다이슨 단과 비슷 가성비 짱이에요
623,선풍기가 생각보다 너무 작아서 애개개했는데 틀어보니 대박 지금까지 써본 선풍기중에 최강 바람세기입니다 추천합니다
624,상품이 아주 맘에 들어요
625,가게에 두대 집에 한대 뒀어요 저렴하게 잘 샀습니다 바람 장난 아님
626,가게에 두대 집에 한대 뒀어요 바람 엄청 쎄고 좋아요 저렴하게 잘 샀습니다
627,선풍기보다는 작고 디자인은 이쁜데 무엇이 다른지
628,시중보다싸게산듯요마니파세여
629,바람은 시원하네요 조립은 분도안걸렸어요 헤드부분이 생각보다 두꺼워요 각도조절하는게 많이 뻑뻑하구요
630,좋네요 고장만 안나면 만족입니다
631,작아서 자리차지하지않고 바람이 아주 굿이네요 적극 추천합니다
632,작년에 삿는데 괜찮아서 이번에 하나 더 구입햇어요 냄새잔기스 빼고는 맘에 들어요ㅎ
633,정말 시원하고 좋아요 조립이 생각보다 쉽네요
634,기본에 충실함 리모컨도 타이머도 없지만 올여름에 잘 사용할께요
635,자리도 안차지하고 넘좋아요개구매 시간타임이 안된다는 단점이 있지만 넘 시원한걸 가격 저렴하고 감수할수있어요
636,자리도 안차지하고 넘좋아요개구매 남자손 비교
637,자리도 안차지하고 넘좋아요개구매
638,바람세기가 어마무시합니다 가격대비완전 만족스러워요
641,배송빨라요
642,배송도 빠르고 상품도 좋고 만족합니다
643,저소음 모터라고는 하지만단만돌려도그짓말 좀 보태서저희집 청소기 단계정도의 소음청소기 소음 아실듯 합니다 아 그리고 조립도 제가 좀 이해력이 딸려서 ㅎ 한참 해메다 남편찬스로 조립 했어요 그래도 가격대비 풍력이나 디자인이나 그럼점들 감안하면 저정도는 뭐 당연하다고 생각합니다 ㅎㅎ 솔직히 이가격에 저소음을 기대하고 구매하는건 도둑놈 심보겠죠 ㅎㅎ 결론은 제품은 좋아요 그러나 배송기간은 좀 생각해주시구 구매해 주세요
644,작고 귀여운데 진짜 쎄네요득텀
645,가격대비 큰장점이구요 단점은 타이머없는거
646,이번에도 똑같은곳에 불량이더라구요 처음것보다는 작아서 전기테잎으로 감고 그냥 사용하기로 했네요
647,좋아요 좋아요 정말좋아요
648,잘받았어요 잘받았어요
649,타이머 없는점이 아쉽고 소음이 좀 큰편이네요
650,넘좋아서 부모님드리려고 하나 더샀어요
651,다 좋은데 타이머가 없네요 냄새는 좀 납니다
652,일단 크기보고 깜짝 놀랐어요 이렇게 작을 수가ㅠ 근데 조립하고 더 깜짝 놀랐어요 세배나 더 큰 선풍기보다 바람이 쎄요ㅋ 냄새는 좀 나네요 좀 지나면 없어진다니 기다려보겠습니다
653,시원합니다 하지만 조금 시끄럽네요 타임머가 없어서 아쉬워요
654,배송빠르고요 조립도쉽고요 소음이약간있긴있지만 굿조아여 저번에는이만오천원에샀는데 이번에는쿠폰할인도받앗는데도 만원에구입했어요
655,단계로 엄청 셉니다 수면풍은 없구요 돌리니 프라스틱냄새가 심하네요 ㅡㅠ
656,생각보다 작아요 바람은시원한데 소리가 크네요
657,매번 만족하며 구매합니다
658,다른 서큘레이터를 올해 지마켓에서 샀는데 이걸 알았다면 좀더 저렴하게 시원하게 지냈을텐데 하는 생각이 절로 듭니다 물로 타이머도 없고 상하 각도도 별로 안나오고 다른 서큘에 비해 선풍기 타입이라 뒤가 툭 튀어나와있지만 에어컨 앞에서 엄청 시원하게 냉기를 순환기켜주면서 실내 온도를 도 정도는 더 빠르게 떨어트려주는거 같아서 단점따원 머리에 남아있지 안씁니다
659,에어컨하고 같이 사용하니 정말 시원하네요
660,작은거 찾았는데 제품은 마음에 듭니다 소음도 그리 크지않아요
661,저렴하게 잘삿어요 다만 타이머가없어서 아쉽습니다
662,생각보다 바람이 쎄요
663,양가 부모님들께 보내드렸어요 시윈하고 아담하니 넘 예쁘네요 저희것도 추가 두개 더 구매하려구요 이가격에 득탬
664,양가 부모님들께 여름 션하게 보내시라 이가격에 득탬 보내드렸어요 제거도 하나 더구매할까해요 ㅎㅎ 짱시원
665,가격만큼합니다시원하고좋아요
666,제가 써보고 좋아서 엄마 사드렸어요 가격도 합리적이고 시원합니다
667,조그만것이 바람도 쎄고 선풍기처럼 써요
668,작지만 바람이 꽤 세서 좋네요 공간차지 안해서 좋구요 담에 하나 또사서 이걸로 전부 바꿀까봐요
669,쪼끔한게 진짜 짱시원합니다
670,조립도 간편 바람도시원 소리도그렇게안큼 저는 강추여
671,디자인도예쁘고바람도세네요 타이머가없는게다소아쉽네요
672,단순하면서 바람이 세기가 강해서 추가구매 했어요
673,쿠폰사용으로 저렴하게 구입했어요 조립도 간편하게 싑네요
674,한개 주문해서 써보고 한개 추가로 샀어요바람 쎄요작아서 귀엽구요
675,좋습니다또 주문할 꺼예요
676,그냥 무난하다고 생각하시면 되요 작은방에 아이들방에는 제격이네요
677,배송은 빠름니다 좌우회전은 자동 상하는 수동이니 써큘레이터라기 보다는 그냥 선풍기라고나 할까
678,가게에 두대 집에 한대 뒀어요 저렴하게 잘 샀습니다 바람 장난 아님
679,올케가 이쁘고 조용하고 좋다네요
680,택배기사님 바쁘신줄알지만 옆집에 배송하고 갓어요 소리는 조긍 크지만 선풍기로 좋아요 타이머가 없어요
681,배송빠르고 풍량좋아요 얼룩덜룩한게좀잇는데 신경쓸정도아닙니다
682,총알 배송으로 주문 이틀만에 받았어용 좋아 요 바람도 시원하고 추천합니다
683,소음도 덜하고 조립도 쉽고 바람세기도시원하네요 단 전선부분까짐이좀있었고 본체오염이좀되서왔어요
684,소리도 작고 바람도 시원하고 좋아요
685,조립 쉽고 풍량 마음에 듭니다 회전반경이 크진않지만 괜챦아요
686,조립쉬워요바람쎄요귀엽
687,선풍기 좋아요 ㅡ조립도 어렵지 않아요ㅡ타임 어가 없어서 좀 아쉽네요
688,시끄럽긴 한데 시원하고 작아서 좋아요 
689,작지만 잘 쓰고 있엉노
690,잘받았습니다 조립은 쉽게 했구요가동하니 타는 냄새가 심하게 나서 머리가 좀 아팟네요 언제나 다 빠져나가련지ㅠㅠ 냄새나는거 빼고는 성능 너무 좋아요시원합니당
691,빠른배송감사합니다 재구매 합니다
692,집과 가게서 필요한거라 벌써 여러게 주문합니다 가격저렴하고 성능무지 좋아 자꾸 주문합니다
693,그런데 새거냄새가좀나서 한참틀어놨어요 리모컨만있음 딱인데ㅠ
694,저렴한 제품인데도 강력한 바람에 만족스럽네요
695,ㅓ어갸개ㅏ하ㅘㅚ시ㅣㅚㅚㅗ
696,많이 팔릴만 합니다 강추
697,저렴하게사서 조립하자마자 켰는데 시원해요 에어컨 절전하고 켜노니 만족해요 단해도 소리안시끄럽고 갠찬네요
698,디자인도 예쁘고 바람도 세고 좋아요
699,가격대비 너무 좋아서 재구매합니다
701,가격도 착한데 풍량도 좋고 디자인도 심플 재구매 들어갑니다
702,세개째 구매하는데 저령한데 성능은 괜찮은것같아요 아쉬운건 타이머가안된다는거에요
704,빠른배송에매우감사드립니다
705,바람 강력하고 젛네요 순환이 잘 돼요 소음이 조금 큰 편이지만 만족합니다
706,저렴하게 잘구매한듯합니다 제품젛네요
707,잘받았습니다 이틀정도 기계냄새나고 지금은 괜찮습니다 잘쓰고 있어요
708,기대를 크게하지 않았는데 생각보다 시원하게 좋아요 날개가 작아서 얼마나 시원할까 하고 생각했는데 기존에 사용하고있는 선풍기보다 더 시원해요
709,바람도 쎄고 좋아요
710,가격대비 노무너누조아요 옿
711,가성비 괜찮아요 선풍기보다 좀 세요
712,선풍기랑 함께 구매했는데선풍기는 정말 만족스럽구요 이건 단에서는 좀조용한데 단단은 좀 소음이 있구요회전할때는 부딪치는 소리처럼 끼익끼익 소리가나중에보니 여기저기 기스도귀찮아서 그냥저냥 쓰려구요
713,작은데 바람 세요 단회전이 안된단후기가있어서 해봣는데 잘됨 복불복인듯
714,냄새는 이틀지나니까 안나구요 꼬꼬마틀다가 이거트니까 확실히시원하구요 높낮이버튼은 손가락뿌러지는줄ㅋ 소음은 단했을때 좀나구요 가격대비 좋아요 잘쓰겠습니다 많이파세요 
715,소음이 조금 있긴하지만 선풍기 단과 비교도 안되는 바람세기네요
716,만족합니당만족합니당
717,회전 할때마다 전기소리가 들려 회전을 안하고 사용합니다
718,에어 써큘레이터 단으로도 바람세기가 엄청세요 에어컨 회전용으로 괜찮은데소음이 
719,두번째 구매 인데 저렴하지만 타이머 없어요 바람세기는 강해요
720,가격이 너무 저렴해서 기대 안했는데 너무 좋네요 바람세고 크지 안아서 딱좋아요 잘쓸께오
721,단계가 바람이 너무쎄서 잘때는 별로네요ㅜ
722,단계인데 바람이 너무쎄네요
723,작은데 바람쎄고 좋네요
724,시원하고 바람도 잘 나오고
725,조아요 조아요 조아요 조아요
726,가성비 좋아요 잔고장없이 한두해만 잘썼으면 좋겠네요 ㅎㅎ
727,쪼끄만한게 엄청 시원함 근데 확실히 소음이 좀 있음 그래도 단이 바람이 쎄서 좋음
728,시원하고 조으네요 만족합니다
729,가성비넘좋네요 ㅎㅎㅎ
730,쪼맨한게 성능은 좋으네요 약간 소음은 있지만 회사라 그닥 시끄럽다는 생각은 들지 않아요
731,소린ㄴ조금 나지만 가성비 짱
732,쓰던상품이라 작년에 대사고 올해도 한대 더샀어요 요거 진짜 좋습니다
733,간단한 조립이 필요하구요 어렵진 않네요 바람 강도는 쎈 것 같구요 디자인도 양호합니다
734,소리가 너무 시끄러워요 시원해요
735,배송은 하루만에 상품은 귀염귀염하고 바람세기는 선풍기보다는 강해요 단점은 타이머이지만 필요없기도 하고 가격생각해서 저렴하게 잘 구매했어요
736,쿠폰써서 저렴하게 구입했네요 사업 번창하세요
737,아직 사용전이라 잘받았습니다
738,재구매입니다 좋아요 저렴한가격에 좋은 물건 샀네요
739,작지만 그래도 바람이 강하네요 일반 선풍기보다 바람세기는 나은듯하네요 혼자 쓰기는분들에게 추천 에어컨 틀고 사용시 효과가 더 좋아요
740,리모컨은 없지만 필요한기능도있고 가격도 착하고 조립도 쉬웠어요
741,딸아이 주려고 주문했는데 잘산것같아요 침대높이랑 비슷해서 좋으네요 시원한바람 좋으네요
742,시원하게 잘 사용할께요
743,작지만 시원하네요많이 파세요
744,작지만 시원함 선풍기보다
745,아주 시원하게 잘 샀습니다
746,선풍기보다 확실히 시원하네요 버튼도 복잡하지않고 간단하고 아주 만족합니다
747,만족합니다 가격대비 시원하고 좋아서 한개더샀어요 흰색도 깔끔하네요 조립 쉬워요
748,가격만큼 해요 퀄리티는 떨어지지만 작동 잘 되고 쓰시는데는 문제 없어요
749,크기가 생각보다 작아요 사무실에서 에어컨 바람 골고루 순환 시키려고 구입 했어요 대우 브랜드 오랜만이라 반갑기도 하고 배송 포장 컬러 새하얗게 넘 이쁘네요 집에서 방에서 사용하면 좋을 사이즈이지만 강력한 바람은 서큘레이터가 맞지 싶네요
750,서큘레이트는 처음 사용해보는데 에어컨과 같이 켜면 좋다고해서 구매했어요 선풍기에 비하면 작지만 바람이 강하고 확실히 멀리까지 가네요 자리도 덜 차지하고 외관도 심플 깔끔하고 강으로해도 듣기 불편할 정도의 소음은 아니네요 넘 잘 산 거 같다고 생각됩니다 고장없이 오래 사용되지면 가성비 갑이 될 듯 하네요
751,긋잆니다요곳이니 만큼좋은 결과가 있기를
752,배송다소늦었지만 선풍기는 좋아요 조용하고 바람이 쎄요ㅎㅎ
753,생각보다 아담한 사이즈 바람이 엄청강해요 가성비짱작동할때 돌리는형태라 좀 아쉽지만 바람쇠기 강해서 공기순환 잘되서 올여름 시원하겠어요
754,작은게 앙팡지네요바람도 시원하고 멀리까지 가네요저렴하게 구매해서 더 좋아요
755,좋아요 간단하고 자리를 많이 차지하지 않아서 좋아요
756,조립을 직접 해야 하는 게 번거롭지만 가격 대비 괜찮습니다
757,편하고 저렴하게 잘 받았어요 또 구매할께요 근데 냄새가 좀 나요 시원해요
758,선풍기급은 아니고 써큘레이터는 맞아요  단은 어느 제품이나 다 소음이 있는데 단에서는 다른 더 비싼 써큘레이터 보단 확실히 소음이 있습니다 기계소리같은  마감이 완벽하지않아요 사진첨부한 곳 처럼 사용상 문제는 없지만 찜찜한 느낌의 바닥에 미끄럼방지가 없는데 밑에 판보다 헤드가 무거운 편이라 뒤로 넘어가기가 어렵진 않을 거 같아요 고정나사가 조금 짧아서 돌아요 결론 사무실이나 공용으로 막 쓴다  추천 조용한 환경 혹은 집에서 쓴다  비추천 저는 조용하지않은 공용으로 사용하기에 그럭저럭 만족합니다
759,대우 에어 써큘레이터스탠드선풍대우 에어 대우 에어 써큘레이터스탠드선풍기 공기순환써큘레이터스탠드선풍기 공기순환기 공기순환
760,시원하고 좋네요 아담하니 바람도 세요
761,코드가 좀 짧아보임 이건 참고  안전망 전면 낄 때 딱 맞는 느낌이 안 나 계속 헤맸는데 밑부분을 보면 스크류부분 구멍을 찾아 맞으면 딱 맞아요 안전망 후면 낄 때 무심코 꼈다가 빼서 다시 낌 헤드가 이동할 수 있게 뒷부분 확인하고 끼세요 이상 여자 혼자 조립한 후기 ㅋ 바람 되게 시원하고 소음 안 거슬립니다 이 가격에 아주 만족합니다 강추
762,선물했는뎅 옴마 이거 바람 쎄고 조타 소리도 생각보다 작아서 완전 만족쓰 덩달아 만족쓰
763,생각보다작지만시원하네요
764,그런데 다른 선풍기나 서큘레이터들보다 모터 과열이 잘되는지 조금만틀어도 기계기름 냄새가 나네요 이 제품 작년부턴 개 샀는데 앞으론 보네이도 사려구요 ㅡㅡ
765,일반선풍기에 비해서 바람은 확실히 센 편인 거 같은데 그래서 그런지 소리가 좀 큰 편인 것 같아요 써큘레이터 목적이 아니라 그냥 미풍으로 조용하게 선풍기처럼 틀어놓고 싶으신 분들에겐 비추 근데 바람은 확실히 세서 써큘레이터로는 좋은 거 같아요
766,시원하고 조아요 소리는 마니 크네요 여름 내내 끼고 살거 같아요
767,사용해보니 좋아서 하나더 구입합니다 조립하기도 쉬웠고 성능좋고 가격좋고 디자인 마음에듭니다
768,필요한 기능만 있어서 좋네요 다만 구리스 냄새는 많이 나니 충분히 환기 시켜야 겠네요
769,바람단계는 단계 시원해서 에어컨안틀어도버틸만해짐 심플하고 크기도딱좋음
770,쎄일하길래 바로 구입 상품평도 좋아서 써큘은 첫 사용인데 선풍기와비교하니 나쁘진않은듯
772,시원하고 이쁘지만 회전시 틱틱 소리 엄청 크게나고 회전 거의 안되네요 불량이겟죠 반품해주세요 냄새도 심하네요ㅜㅡ
773,선풍기 대신 사용하려고 주문했어요 바람은 쎈편이고 소음은 잘 모르겠어요 선풍기 바람 나올때 소음정도 소음이라고 보기 어려움 바람이 시원해서 강추요
774,좋아요 적극 추천합니다
775,좋아요   수고하세요
776,잘받았어요 감사합니다잘받았어요 감사합니다 이거 냄새 뭐에요ㅜ 고무타는냄새같은거 없어지나요ㅜ
777,코코 써큘 다 들어가고 급하게 상품평과 구매량이 많아서 구매했습니다 반품제품이 많은지 스크레치와 본체에 스티커 뗀 지저분한 자국사진으로는 안 찍혔어요들이 있었지만 그럼에도 상관없기에 조립시작했습니다 조립은 동영상 보고 여자 혼자서도 할 정도로 할 수 있게 잘 되어 있었습니다 시험가동 하니 작지만 바람도 쎄고 괜찮아서 사용하기로 했습니다 문제는 저녁 에어켠을 켜고 사용했는데 석유냄새 같은 냄새가 어디선가 나는데 그게 대우써큘 냄새였어요 이틀째 사용 중인데 냄새가 계속 나지만 빨리 없애려고 일단 머리가 아프지만 계속 가동 중 입니다 점점 없어지겠죠 제품은 가격대비 괜찮고 냄새는 다들 개인차가 있으나 냄새 예민하신 분들만 참고 하세요
778,타이머가 없다는게 많이 아쉽네요
779,가격대비 최고 내가사고 애래충에서 좋타고해 또삿네요 감사합니다 않이파셔요
780,마음에 쏙 들어요 완전 심플하면서 귀엽고 성능도 짱인듯합니다
781,저렴한 가격에 잘 샀어요
782,이쁘고 귀여운 써큘레이터입니다 성능도 좋아요 바람이 뜨거워지지 않음 벌써 개째 구입
783,저렴하게 샀습니다 잘쓰겠습니다
784,설치도 간단하고 가성비 엄청 좋습니다 에어컨 켜고 각방에 에어컨 바람 보냁때 좋습니다
785,배송이 엄청 빨라요 택배기사님 감사합니다
786,좋아요 좋아요 배송 빨라요
787,에어컨 만 틀때보다 에어써큐레이터 같이 쓰니까 훨씬 더 시원해요
789,잘샀어요 ㅎㅎ 잘샀어요
790,시원하고 좋아요 ㅋㅋ
791,하나사서 쓰다 좋아서 아들방에 놓아주려고 하나 더 샀어요 가성비 짱이네요 잘쓸께요
792,저렴하고 성능 좋아요 굿
793,타이머 없는거 말곤 바람 세고 아주 훌륭하네요
794,작은게 바람쎄기는 쎄서 션해여소음은 쫌 있어여
795,상품평이 좋아 구매했는데 성능이 좋습니다 선풍기보다 훨씬 바람이 쎄고 시원해요
796,조립간편 소리가 좀 큰편
797,조립후 달그락 소리가 짜증나게 나더군요 어디서 나는지 눈 씻고 찾아봐도 귀를 쫑긋하게 세워 봐도 이게 뭔 소리인지 한참 뒤에 앞 커버 한 귀퉁이에 절단 마무리가 안된 작은 조각 발견하여 떼어내니 소리 안나더군요 단인데도 바람 엄청 셉니다 하지만 소음은 커서 잠들기 힘들어요
798,잘 쓰고 있어요 시원하네요
799,잘쓰고있습니다 감사합니다
800,작고 귀엽지만 바람 셉니다 소리 커요
801,선풍기가 장난감 같아요 너무가볍고 작고 높이 올라가지도 않아요 소음도 조금 있어요 그냥 공간차지 하지 않아서 아이들 방에 사용하려구요
802,아주 좋아요
803,두번째 구매입니다 진짜 가성비 최고입니다 시댁에도 하나 보내드리려고 세번째 구매 들어갑니다
804,너무 쎄서 좋긴한데 밤에는 약풍으로 해놓고 자야 되는데 아이들 감기 걸릴까봐 걱정이네요
805,가성비 굿입니다 하나더 추가주문하려구요 에어컨이랑 같이 틀어놓으니 세상 시원하네요
806,처음부터 검수를 해서 불량 제품을 보내지 말아야죠 자다가 갑자기 선풍기 날개가 부러지고 선풍기가 날라다니고 사람안다치길 다행 웬만해서 날개부러지기쉽지않은데 반품이 안된다는게
807,타이머가 없어서 아쉽지만 가성비 좋아요
808,조아조아좋은상품좋은상품 배송 빠릉다 진짜 오늘 너무많이 좋은 상품
809,애들이 좋아합니다 저렴하게 잘 산거 같아요
810,작은것이 당찹니다 소음 적당하고 시원해요
811,배송 빠르네요  꼼꼼히 포장되어 상처없이 도착했어요 조립하기 쉬워요 화이트 색상에 작고 귀여워요  단에도 바람이 강합니다 부모님이 마음에 들어하세요
812,바람 시원하고 좋아요 타이머가 없어 좀아쉬네요
813,처음에 날개 조이는 나사가 풀리지않아 애먹었네요 우여곡절끝에 풀어서 조립하고 사용해보니 작지만 풍량은 좋습니다초미풍 기능이 있으면 더 좋았겄지만 이 가격에 나무 많은걸 바라는거겠져잘 쓰겠습니다
814,저렴한 가격 좋은 품질 감사합니다
815,배송 무지하게 빠르고 시간 타이머로 시간별 셋팅할꺼라 버튼식에 타이머기능 없는 간단한거 찾았는데 용도에 딱 맞고 저렴해서 좋습니다 단도 강합니다 필요없는 기능 빼고 저렴하게 잘 샀습니다
816,참 마음에 드는 군요
817,팬 소음 양호 하네요
818,저렴하고 성능좋아요 미세풍 없지만 저희집에서는 에어컨과 같이 사용하기 좋아요
819,크기도 적당하니 심플히게조으네요근데 소리는 생각보다도 더 커서 틀고 자기는 조금 그넌거 같아요ㅠ 가곀은조ㅡ긍 비싼듯ㅡ
820,싸게 잘 샀어요
821,가격대비 완전 좋아요 리뷰보고 샀는데 후회없어요 너무 잘샀네요
822,정말로시원합니다디게저렴하게구입
823,저렴하게 잘 샀습니다
824,잘받았어요 잘사용하겠읍니다
825,잘받았어요 잘받았어요 잘받았어요 잘받았어요 잘받았어요 잘받았어요 잘받았어요 잘받았어요
826,좋은상품 좋은가격에 구매합니다
827,써큘레이터 몇개 구입했는데 가격 좀 있는게 소음도 적고 성능이 확실히 월등한데 이건 가격이 저렴해서 크게 기대는 안했어요 바람세기비주얼은 맘에 듭니다 소음도 크게 거슬리지 않고요 타이머가 없는게 좀 아쉽지만 가격 싼 써큘레이트의 가장 큰 단점인 소음이 크지 않아서 마음에 듭니다
828,사이즈도 너무 작지 않고 가격대비 만족해요
829,소음은 있지만 좋아요 ㅎㅎ 좋아요
830,소음이 큰만큼 바람이 쌔요 에어컨틀었을때 공기 순환은 빠를 듯요 타이머 기능이 없었네요 확인을 안하고 산 제 잘못이죠
831,크기가 아담해서 방에 놓는데 부담이 전혀없고 바람도 세네요 배송은 빠르지 않지만 좋은 가격에 만족스러운 구매했어요
832,가격대비좋아요시원해요바람쎄요
833,서큘레이터라고 하기에는
834,타이머가 없어 아쉽지만 작아도 성능좋아요
835,조립이 어렵지는 않은데 맨마지막에 바람개비 뚜껑 고정시키는 나사가 헛돌고 고정되질 않아요 불량인건지 고객센터에 전화해봐야겠어요 불편해요 ㅠ
836,조립식인지 모르고 사서 처음엔 당황했지만 금방 조립할 수 있었어요 디자인도 깔끔해서 좋아요
837,제가 반품된 제품을 받은건지 모르겠어요 전자제품이 배송오는데 스티로품 또는 뽁뽁이 아예 없고 저렇게 비닐에 쌓여서 왔구요 밑에 부분엔 기름인지 뭔가 미끌거리는게 묻어있고 작동도 되고 저렴한 값에 샀으니 그냥 쓰는데 오래는 못쓸거 같은 불길함이 드네요
838,저렴히 잘 구매했고 배송도 빨리 받았어요 날이 슬슬 더워져 구매했는데 기능은 단순하나 저렴히 사용할수있어 좋네요 단계 바람 세기가 쌔내요 ㅎㅎ
839,시간 타이머가 없네요ㅠㅠ
840,사춘기 아들은 벌써 매일 덥다고합니다 그래서 저렴하게 잘 구입한거같아요
841,좋아요 소음은조금있지만 
843,가격대비 짱입니다 추천추천입니다
844,생갓보다작지만바람은세네요
845,바람 강력 소음 단계에선 심함 타이머없음 깔끔하고 헤드가 작아서 자리차지 들함
846,쿠폰 사용해서 저렴하게 구입했습니다
848,가성비 좋아요 잘 쓰고 있습니다
849,보기엔 일반 선풍기보다 작아보이는데 바람은 훨씬 쎄네요 단 틀고 가까이있음 눈이 아파요  써보고 좋아서 한대 더 구입했어요
850,날개가 그다지 크진 않지만 그래도 나름 시원해요
851,바람 세기가 일단 너무 생각 보다 셉니다 기대 이상이고요 리모컨 없는 것이 유일한 단점이네요 겨울에 따뜻한 바람 이동시킬 때도 쓰면 좋을 것 같아요
852,가격이 저렴해서 주문했는데 처음엔 좀 냄새가 심해서 힘들긴했지만 꽤 성능도좋고 맘에드네요 일주일정도는 냄새로 고생한거 빼고는 만족해요 가격대비 괜찮은 상품이에요 냄새만아니면 점 줬을거같아요
853,주문하고 하루만에 받았어요 냄새난다는평이많았는데확실히 그 고무타는냄새같은게 계속나긴하네요소리도 다른거에 비해 좀있는편같구그래도 바람은 강하고 일반선풍기보다 작아서 아담하니 이쁘네요 첨에 회전하는거 몰라서 한참해맸네요ㅎㅎ
854,지난번에 천 이번에만주고 구매소음 크지만 작고 바람이 쎄요
855,생각했던 것보다 냄새가 좀 난다는 점과 타이머 기능이 없는 건 쪼끔 아쉽지만 조립하기도 쉽고 하양 바탕에 검정 포인트의 깔끔한 디자인과 작으면서도 선풍기로서 가장 중요한 바람이 만족스러워요 가격도 괜찮구요 잘 샀다고 생각합니다 예쁜 선풍기를 판매해주셔서 감사합니다
856,설치 못하다 역시 조립해줄 이는따로 이제알았네여 이건 힘이아니라 머리를 써야한단것을 ㅎ
857,매우 만족스럽습니다
859,작지만 시원하고 좋아요
860,소음이 너무심하네요
861,작은게 정말 시원하네요
862,년 넘은 스탠드형 선풍기가 오늘내일 하던차에 마침 쿠폰행사해서 진짜 저렴하게 샀네요 조립도 어렵지 않았고 조그만게 기능은 딱 필요한 것만 있고 조작법도 쉽고 바람이 진짜 시원해요 서큘이라 멀리 나가고 에어컨이랑 같이 켜면 시너지효과 굿
863,너무좋네요 싸서 반신반의하면서 주문했는데 가성비최고에요 비싼거보다 좋아요 가벼워서 움직이기도좋아요
864,상품평 보고 주문했어요 저렴해서 좋긴 한데 바람이 제가 생각한 것 만큼은 아니에요 기대가 너무 컸나봐요 바람이 넓게 펴지지는 않아요 거실보다는 작은방에 어울릴듯
865,시원해요 가성비 최고네요
866,드라이버 없어서 못만들었긴 하지만 제품은 맘에 듭니다
867,잘쓰고있어요좋아용좋아
868,가격대가 저렴하고 괜찮아요 근데 소음은 좀 있어요
869,작고 소음은잇지만 바람은쎄네요타이머가 없는걸 몰랏네여ㅠ
872,마음에 들어요 잘받았습니다 감사합니다
873,써큘레이터 답게 바람이 강하게 시원하게 잘나옵니다 디자인도 깔끔하고 선풍기에 비해서 날개크기가 작아서 공간차지도 안해서 좋네요 단만해도 웬만한 선풍기 단 수준이라 약한바람기능이 필요한 분들은 한번더 고려해보셔야 할것같아요
874,소음은 좀 있지만 선풍기랑 다르게 바람 자체가 시원한 느낌입니다 단 시간예약이 안 되는 게 흠이에요ㅠㅠ 다른 서큘레이터도 그런진 모르겠는데 시간예약이 안 돼요ㅠㅠ
875,타이머없지만 조립간단 총알배송 션한바람
876,배송 빠르고 디자인 심플하고 다른 기업 제품은 잘 몰라서 대우보고 싸지만 구입했어요 타이머도 없고 회전이 좀 아쉽지만 거실에 놓고 에어컨하고 함께 사용할려고 합니다 작지만 바람 세기는 좋아요
877,소음 심하다는 리뷰가 종종 있길래 조금 걱정했는데 저는 전혀 모르겠어요 정말 저렴하게 잘 산 듯
878,일반 선풍기와 다른점이 뭔지 모르겠지만 바람도쎄고 컴펙트한 디자인이 좋아요 가격대비 아주 훌륭합니다
879,사이즈는 작은 편이고 성능은 괜찮습니다 그런데 단으로 하면 소리가 조금 큰거 같습니다
880,저렴하게 잘샀어요소음 살짝있어도 힘있고 시원하네요 다른거 하나더샀어요ㅎ
881,작지만 시원해요 하지만 소음이 ㅡㅡ
882,새 제품 받았는데 기분이 나쁘긴 하네요  사이즈가 생각보다 아담한데 바람은 셉니다
883,빠르고 아주 시원해요
884,감사합니다 마니파세요 
885,시원해요 다만 타이머가 없을뿐
886,조아요 조아요 조아요
887,배송도 빠르고 잘샀어요 한대 더 구매했습니다
888,작은데 힘이 좋아요
889,배송도 빠르고 잘샀어요 대 째 샀어요
890,작고 타이머 기능이 없어서 반신반의했는데 엄청 시원해요 ㅎㅎ 그리고 타이머기능이 없어도 괜첞네요 가성비 짱이예요
891,잘쓸께요
892,바람이 시원하고 자리차지않는 귀요미
893,소리는 많이 나지만 많이 시원해요ㅎㅎ
894,바람도 시원하고 크기도 맘에들어요
895,냄세 관련은 그렇게 거슬리는 수준은 아닌거 같습니다
896,사진보면 알듯이 긁힘 얼룩있음 솔직히 세제품 아닌거같음 상품평에 탄내난다 갈린는것 같다는 말이많던데 싼맛에 그냥씀 바람은 단인데도 엄청 쎔 회전반경 도도 안됨 딱 정도 코드길이도 타제품비해 짧음
897,타이머는없어요
898,좋아요 좋아요 좋아요 ㅎㅎ 네
899,가격도 좋고 시원합니다ㅎ
900,타이머만 있다면 참 좋았을텐데그것빼곤 아주 좋아요이 가격에 만족합니다
901,스마일배송으로 시켜서 배송 빠른거빼곤 진짜 추천안해요 배송오고 뜯어보니 써큘레이터 기둥 고정하는 부품이 안와서 다시 전화해서 보내달라하고 쓰지도 못하고 일정도 기다렸는데 비오는날에 제품을 택배박스도 아니고 편지봉투에 넣어 보내셔서 다 젖어서 찢어져있고 안에 부품은 분실상태로 편지봉투만 왔습니다 ㅋㅋㅋ 다시 보내달라고 했더니 또 편지봉투로 보낸다는 문자가 와서 또 기다리냐고 제일 빠른 택배로 보내라 아님 환불해달라 했더니 전화 준다면서 전화도 안주고 달랑 부품 다시 보냈다고 일안에 도착한다는 문자만 왔네요 편지지로 보내지 말라고 했더만 이번 문자에도 결국 우편발송이라네요  상품문의 보니까 저처럼 부품 빠져서 오는사람 한두명 아닌거같은데 잘 확인하고 주문하세요 전 상품 받은지 일주일도 넘었는데 아직도 못 쓰고있답니다
902,배송 가격 디자인 정말 마음에 듭니다 근데 스크래치가 장난 아닙니다 만지면 뭔가 오돌오돌 느낌이 납니다 이건 중고를 산건지 새제품을 산건지 내꺼만 이런 건지 아무래도 포장비닐이 벗겨지고 이리저리 움직이면서 스크래치가 생기지 않았나 싶습니다 귀여워서 반품 교환 생각은 전혀 없습니다
903,받자마자조립해틀어보니시원하니좋아요 머리보다밑에받침대가좀더가볍긴한데이가격에이정도의퀄리티면좋은거져 잘쓸게요
904,위아래 회전 안되요 그냥 좌우로만 회전 되고소음 크다던데 그정돈 아니네요 그냥 그렇게 거슬릴정도는 아니에요 가성비 좋지만 전기선이 진짜 짧아요 그건 불편
905,배송빠르고 만족합니다
906,크기는 작은데 바람은 엄청 쎄네요 저렴하게 구매해서 더욱 만족합니다
907,작년에 잘쓰고 올해도 하나 더 구입합니다
908,가격대비 가성비 괜찮아요
909,이런저런 기능 없지만가격대비 바람이 엄청 쎄요
910,단 해도 바람이 엄청 쎄네요
911,가격대비 성능도 좋고 기능도 간단해서 좋네요 다만 타이머기능이 없는게 아쉽고 제품이 약간 불량인건지 회전할때 헤드가 반쪽만 돌아가네요 크게 문제 없으니 그냥 쓰렵니다
912,두개 주문했는데 하나는 중고 같은 걸 보내주셨네요 마감은 둘째치고 새제품 답게 최소한 깨끗한 제품을 받아 볼 수 있게 검수 정도는 해야하는 거 아닌가요 비닐만 열심히 싸놓으면 뭐합니까 제품을 뜯으면서 눈을 의심했습니다 싼 데 작동만 하면 되지라고 생각하는 분만 구매하세요 문제의 오염과 기스는 사진을 참고하세요
914,귀여운데 성능좋네요
915,빠르게받을수잇어서 그냥 다
916,잘 받았습니다 잘 받았습니다
917,바람이 엄청 쎄요 잘 쓰겠습니다 감사합니다
918,서쿨레이터라서 작은데도 일단 바람쎄고 좋아요 단점은 회전과 타이머 워낙저렴해서 그래도 훌륭합니다
919,하나구매해서 넘좋아서 재구매해서 가게두고자리차지마이안해서 짱 시원하고 좋아요
920,소음도 적고 진심 시원해요
921,바람쇄기 회전만족합니다 작은데 바람이세네요 다만 타임이없어아쉽고 소음은좀있어요 작고이뻐요
922,배송좋아요 만족합니다
923,엄청 시원해요 대신에 소리는 일반선풍기 두배네요
924,기둥 세울때 조립하기 좀 힘들었지만 그래도 여자인 제가 조립하기   소음이 좀 있지만 가성비 굿 시원하고 좋네욤ㅋ
925,생긴거도 예쁘고 짱짱하고 바람시원
926,크기도적당하고 딱찾는 사이즈에요
927,깨끗이 잘왔습니다 올 여름 시원하게보냈으면
928,조립도 간편하고 작은게 바람이 겁나 쎄네여아주 좋아여
929,하나 사고싶었는데 슈퍼딜 떴길래 저렴하게 구매했어요 깔끔하고 좋아요 선풍기보다 바람이 더 쎈거 같아요 날개부분이 작아 자리도 덜 차지하네요 조립할때 날개고정하는 게 안풀려서 겨우 뺐어요 그냥 따로 보내주시는게 낫지않나요 살짝 흠집이 났더라구요 ㅠㅠ 타이머가 있으면 더 좋았을뻔
930,쬐끄만게 시원해요 생각보다 마니 만족합니다
931,생각보다 헤드가 작았지만 시원해요
932,행사때 포인트로 차감해서 대 가격으로 대 구매했습니다
933,행사때 포인트로 차감해서 잘 샀네요 사이즈는 서쿨레이터 같은데 바람 세기 강하고 소음은 조금 있어요가격대비 괜챦아서 대 구매했어요
934,생각외로 시원한바람 소음도 적어요
935,조아요조아오조아요조아오조아요
936,소음이 있고 냄새가 나요 모터냄새인건지ㅡㅡ
937,상품평이 좋아서 딸램 자취방에 보냈습니다제품이 어떤지 물어보진 않았지만 상품평처럼 좋을꺼라 믿습니다번창하세요
938,딸에게 구입해주었는데 조립이 어렵다고 하네요
939,조립도 쉽고 정말 싸게 샀어요 좋아요
940,배송이 빠르고 좋아요
941,빠르고 안전하게 배송받았습니다
942,디자인도 이쁘고 바람도 잘나와요 이가격에 선풍기 가성비 짱입니다
943,타이머없다는거알고샀는데 가격대비괜찮아요 낼부터기온오르는데잘샀어요
944,가성비는 괜찮은데 저소음은 아닙니다
945,나름 평이 괜찮아서 샀는데 크기가 작고 그렇다보니 높이도 많이 올라가지않아요 서큘레이터라고 하기엔 소음이 크지 않아서 좋아요
946,굿이 이유 충분합니다
947,가성비 좋습니다 자주 이용하겠습니다
948,작은데 바람 엄청쌔네요 만족해요
949,선풍기보다 시원해요
950,선풍기 보다 소음 있지만 시원해요
951,배송은 빠르나 냄새가 심해요
952,아 진짜 너무 좋아 좋아 저렴하게 구입
953,좋아서 두번째 구매했어요 작은데 바람 최고예요
954,선풍기가 작은데도 정말 시원해요 애들이 선풍기가 귀엽다고 하네요 좋아요
955,가격도 저렴하고 조립도 쉽네요
956,선풍기 바람이네요 머리작아서 소리가 좀 나는 선풍기 가격이 싼건 이유가 있어요 자리는 조금 덜 차지하네요 아무튼 고장없이 오래 썼으면 합니다
957,선풍기보다 확실히 좋네요
958,시원하니 깔끔하니 좋아요
959,선풍기 너무 이쁘고 바람 정말 사원하고 강해요하나더 주문 해야 겠네요 
960,저렴하게 잘 구매했습니다
961,크기가 작네요그냥 저냥 입니다
962,잘받았습니다 잘받았습니다 예쁘네요 작동잘되구요
963,작은데 회전반경도 넓고 바람도 엄청시원해요
964,아담하고 괜찮은 상품이라 생각합니다
965,작아서 걱정했는데 다른 선풍기랑 별차이 없네요 시원해요 크기가 작아서 여러모로 유리한 점도 있고타이머 없지만 있어도 거의 사용 안하다보니 불편한건 모르겠어요
966,가격 원대인데 넘 많은거 바람 안되쥬 ㅎㅎ 소음은 견딜만하고 선풍기 머리가 작은데도 바람 쎄여 회전도 되고 ㅋㅋㅋ 스크레치가 잇엇는대 걍 써요
967,시원하니좋네요 소음은좀있네요
968,한개 구입해서 사용해보니 가격도 저렴하고 바람도 강하고 멀랔까지 시원합니다에어컨과 같이사용하면 더욱더 효과가 있어요
969,생각보다 소음이 크고 사이즈가 작아요
970,저렴하게 잘 구입 해서 사용합니다
971,배송빨라요 좌우로만 움직여 요 바람은시원해요
972,배송포장이 이래서 걱정했어요저렴한 게 혹시 누가 쓰던 건지 반품한 건지 등등다행히 열어보니 괜찮았어요 소리가 크다고 하던데 크지 않네요좋아서 하나 더 주문했어요
973,생각보다 작지만 성능은 좋네요
974,좋아요싸게잘사써요좋네요
975,작년 선풍기가 고장나고해서사계절 서큘레이터가 대세라  공기순환에도 좋고 환기에도 좋아서 후기 좋길래 샀어요 하루만에오고조립해보니조용한편이고바람도 좋으네요 올여름 잘 사용할께요 
976,생각보다작지만바람은세네요
977,아주좋소 많이 팔아 부자되셔 요 ㅎㅎ
978,조렴하게 잘삿오요 바람 너무 쎄다 최고임댜
979,가성비 괜찮습니다 바람도 크기도 적당
980,소음좀 잇긴한데머 이가격에 바람도 쌔고 나쁘진 않네요
981,조립 쉽네요 잘 쓸게요
982,맘에 들어서 재구매 햇어요
983,쓸만합니다시간이 없어 아쉽지만 바람은 시원해요
984,타이머 없는게 흠입니다
985,누락부품 우편으로 잘와서 사용해요 시원해요
986,빨리왔어요 저렴하고 베스트 상품이라 샀구여 그렇게 시끄럽지도 조용하지도 않아요
987,작년에 만원대로 산 서큘레이터랑 큰차이 없네요 기능이 좀적을뿐 아담하고 디자인예쁘고 바람시원합니다
988,가성비가 최고입니다 다이얼른 수동식이지만 조립하는데 분도 안걸리고 바람도 멀리까지 잘 나오고 소음도 이정도면 훌륭합니다
989,빨리잘받긴했는데헤드쪽테두리살짝긁힘있어요사용하다보면고장도나니까그냥사용합니다판매자님잘검수하시길요다른건다만족합니다
990,좋아요 싸게 잘샀어요
991,가격과 배송 물건 다 좋아요
993,좋아요 저렴해요 감사합니다
994,작은데 엄청 쎄요 ㅎ 이동 하기도 편하구 만족입니다
995,보네이도 써큘이 고장나 급하게 구입 일단 세일가격 만원에 스탠드 형이고 위아래 조절 쉽고 어차피 보네이도 것도 타이머 같은거 없어서 크게 불편하진 않고 크기대비 바람도 좋고 아주 만족합니다 다만 첫 사용시 냄새가 심하더라구요
996,길게 뽑을수 있어서 좋아요 바람도 세고 시원한데 소음은 좀 있어요 두개째 구매합니다
997,가격대비 좋곶 바린ㅁ도시원해요 강추
998,시간 예약이 없어서 매번 꺼야해요 시간예약 기능 있는것도 있던데 대우라서 삿더니만 별거 없네요 시끄럽고 차라리 구관이 명관이라고 선풍기 사세요 그냥 싸니까 화장실 틀어놓고 씁니다
999,좋아요 좋아요 좋아요 좋아요
1000,배송도 빠르고 좋아서 다시 주문했어요
1001,크기는작아도 바람도쌔고 시원합니다
1002,저렴하고 성능도 좋네요
1003,만원대 저소음절전모터는 아니지만 소음도 그다지 크지않고 좋습니다
1004,조립도 쉬웠고요 바람세기가 세고 엄청 시원합니다 처음이라 냄새는 조금 납니다
1005,배송빠르게 박스포장되어 안전하게 잘받았습니다 편하게 구매해서 좋아요 작지만 좋아요
1006,디자인도 깔끔하고 조립도 편리해요 그리고 조금한데 바람 진짜 강합니다ㅋㅋ
1007,배송도 빠르고 제품 좋아요
1008,넘 저렴한걸 샀나 후회중이네요 탄냄새가 넘 나서 베란다에 나뒀는데 안빠지는건 아닌지 걱정이네요ㅠㅠ 그냥 오육만원 짜리 살걸 근데 바람세기는 좋더라구요 시원해요 일단만해도요
1009,선풍기보다 바람이 쐬서 일단 시원하고요 에어컨튼거랑 안튼거랑 확실히 다릅니다 일단 시원해서 합격이고소음은 이정도면 선풍기랑별반 다른게 없는것같습니다 타이머만 되면 완전완전 좋은데 만족한합니다 너무좋아서 선물도 할예정입니다
1010,가성비 갑이네유 바람도 세고 좋아요
1011,여자인 제가 조립했는데도 쉬워요 다이얼 버튼도 부드럽게 잘돌아가고 시원해요
1012,상하조절이 많이 안되서 아쉽지만 좋네요
1013,여자인 저도 분만에 조립 끝 선풍기보다 훨 시원하네요 다만 소리가 큽니다 연결하는 선 부분이 구겨져 찢어져있던데 별이상 없고 교환하기 귀찮아 그냥 씁니다
1014,작지만 시원해요 가격도 저렴해요
1015,시원하고 조립이 쉬워요
1016,작고 귀엽고 군더더기 없고 조립 쉽고 조금 시끄럽지만 완전 시원
1017,좋아요 시원하고 가성비 굿굿
1018,풍량 조절이 아나로그ㅋ
1019,바람 직진성이 엄청 좋네요 크기가 생각보다 작아서 성능이 괜찮을까 했는데 소음도 없고 성능도 만족스럽습니다 배송은 주문하고 다음날 도착했어요
1020,귀엽네요 바람세기도 강하고 좋아요
1021,조립은 간단하나 고정나사가 안 풀려 고생했어요 회사에 전화하니 너무 친절하게 설명해 주어서 잘 조립했어요 단이어도 바람세기가 셉니다 아쉬운것은 미풍이 없어서 잠잘때 사용 불가이며 바람 소리가 큽니다 리모컨이 없어서 디자인인은 마음에 들어요 바람세기 성능을 본다면 추천합니다
1022,가격착하듯이 좀 부실함은 있어요 뒷부분 나사조임부분 살짝 금이가있었지만 사용하는데 문제없어서 그냥쓰려구요 가격 착한반면 시원하기는 엄청 시원해요 잘쓸게요
1023,번째 구매 합니다 저렴한 가격에 시원하고 소음도적어요
1024,크기는 작고 바람은 세요 소음은 조금 있어요
1025,조립도 쉽고 시원해요 나름
1026,평두좋구해서 구입해봤는데 괜찮네요
1027,친정엄마 사드렸는데 맘에 들어하세요작은데 바람이 세고 시원하다고 좋아하세요
1028,디자인도 깔끔하고 성능도 좋구요 가격대비 최고네요 에어컨이랑 함께 돌리니까 애들방까지 시원하게 하튼 온가족이 와 좋다 만 무한반복중
1029,좋은데요 바람도 세요 진작 살걸요
1030,흰색이라 예쁘고 작아도 시원하고 좋아요
1031,일반선풍기보다 바람이 시원한 느낌에 심플한 구성이라 대체로 만족
1032,리모컨만 더 있으면 금상첨화입니다
1033,그냥 그닥 그래요
1034,써큘 어제 오전에주문해서 하루만에 엄청빠른배송으로 받앗네요조립은 설명서보고 여자혼자분도 안되서 조립햇구요첨엔 받아보고 장난감같아서 시원할려나햇는데 정말 후기데로 단만해도 완죤시원하네요타이머는 있어도 사용안해서 불편한점은 모르겟구소음은 모제가 조립을잘해서인지 일반 선풍기보다 더 조용해요 ㅋ쿠폰사용원에 저렴히 여름 보내겟어요 참고로 일반 선풍기와 비교샷이예요 완죤 작고 귀여워요 
1035,저렴하게 잘구매햇네요 타이머는 없네요ㅠㅜ
1036,써큘 성능 좋아요 작아서 더 마음에 들어요
1037,작은데 시원하네요 
1038,일단이 중간풍 엄청 시원 소음도 중간정도로 가격대비 만족 고장만 쉽게 안난다면 강추
1039,잘받았어요두번째주문요ㅎ
1040,작지만 강력하네요 시원하네요 ㅎ
1041,여성인데도 혼자 조립했어요 좋아요
1042,두개째구매네요 만족해요
1043,아주좋아요 만족합니다
1044,싸고성능좋고 잘사용중입니다
1045,싸게 잘 샀어요
1046,바람이 강하고 순환이 잘되네요
1047,저렴하게 잘 구입했어요 아쉬운게 있다면 타이머가 없어 잠잘땐 좀 불편할것 같으네요 거실에서 사용하려고요
1048,배송 빠르고 좋습니다
1049,회전도 되고 바람이 쎕니다 타이머가 안되는것이 아쉽지만 튼튼하고 좋아요
1050,쓸데없는 기능은 빠져빠져
1051,단순한게 고장없고 좋더라구요 다양한 기능성이랑 고민하다 튼튼해보이기도해서 주문이요바람이 쎄요
1052,모양 예쁘고 생각보다 시원한데 목이 천정까지 가질않아
1053,다른것보 다 저렴하게 구매하네요 소리도 더비싸게 주고것 비교해도 비슷하네요 저렴해서 구매합니다 단추가 풍약 조절만 있고 시간조절 다른기능이 없네요
1054,정말 작네요 근데 바람은 엄청나네요 가격대비 굿
1055,일반 선풍기 크기구요 단계하면 소리는 좀 커요 아직 크게 덥지않아 일반 선풍기랑 큰 차이는 모르겠고 타이머가 안되는 단점이 있네요 기본 기능에 충실한 제품 같네요
1056,가격도 저렴하고 배송도 빠르고 제품도 좋아요 타이머가 없어서 아쉽지만 가격을 생각하면 만족합니다
1057,사이즈는 작은데 아주 당찹니다 좋아서 하나 더
1058,배송 빠르고 상품도 만족합니다 미풍이 생각보다 강하지만 거실용으로 만족합니다
1059,확실히 선풍기랑 다르네요 공기가 시원해지는 기분예요 ㅎ
1060,사이즈 귀여워요 시원합니다
1061,소리 좀 크지만 엄청 시원해요
1062,저렴하게 잘구매했어요 ㅎㅎ
1063,정말 작네요 조립도 쉬워요 바람은 시원해요 가격이 워낙 저렴해서 기대는 안했지만 마감이 부실해요 무지 가볍네요 누가 반품한걸 보냈는지 날개끼는 너트가 안돌아가서 애먹고 앞판 고정너트 삐뚤게 끼워놔서 헛돌아 쑈하며 간신히 빼서 조립했네요
1064,크기는 작아도 시원하네요 타이머가 없는지 몰랐네요
1065,분해해서 세척가능 가격대비쏘쏘해요
1066,대우 에어 써큘레이터스탠드선풍기 공기순환
1067,잘받았습니다 잘받았습니다 잘받았습니다
1068,조립은 어렵지않고 디자인도 괜찮아요 소응이 좀 큰게 단점이네요
1070,조립 금방 했고요 모터 타는 냄새 좀 날수있다하던데 조금 나는거 같지만 연기가 나고 그러진 않았어요 대신 소리가 매우 웅장합니다 단인데 ㅋㅋ 틀고 자기는좀 그럴거같고 에어컨 틀고 써큘 용도로는 좋습니다
1071,조립하는 설명서 보고 좀 헤메긴했지만 바람세기도 만족스럽고 너무좋네요 진작에 선풍기말고 써큘레이터쓸껄 올여름 시원하게 잘쓸수있을꺼같아여
1072,진짜 바람이 멀리나가요 좋은데 스크레치가 있어서 좀 그렇네요 뜯고 바로 재활용에 박스를 버려서 ㅠㅠ
1073,집에오는손님들이선풍기시원하다며 사달라고 해서 또 주문합니다 엄청 시원합니다
1074,소음은 조금 있습니다
1076,조아요조아요조아요조아요
1077,오우 완전 맘에 들어요
1078,생각보다 소음 있어요 그리고 나사를 얼마나 꽉 조여놨는지 너무 힘들었네요
1079,버튼이 아니라 불편합니다 가격이 저렴해요
1080,에어컨 켜고 쓸려고 구매햇는데 바람쌔여 이가격에 디자인도깔끔하고 자리차지도 안해서 조음 타이머 없는게 아쉽 소리는 거슬릴정도는 아닌듯
1081,써큘레이터 선풍기랑은 비교가 안되게 바람도 멀리가고 조립하기도 너무편리하네요 올여름 많이 덥다던데에어컨 안틀어도 시원할것같네요
1082,가성비 괜찮습니다 잘 쓸게요
1083,돌아가는건 문제없어서 그냥 쓰려고요 조금 찝찝하긴해요
1084,그냥저냥 쓸만하네요
1085,저렴하게 잘 샀어요
1086,할인해서 얼른구매 도착해서 보니 버튼도 없고 다이얼식이라 당황 앞이음새부분 좀 덜렁거림
1087,바람이 많이 시원해요 굿
1088,바람쎄고 튼튼하니 좋네요금액대비 짱
1089,생각보다 제품도 좋고 소리도 많이 안크네용
1090,타이머 없는게 마이 아쉽구용
1091,이정도면 확실히 저소음 맞음 ㅇㅇ타이머 없는건 좀 아쉽
1093,다이얼이 단순해서 어르신 있는집은 좋을듯 크기는 생각보단 작아요작은방에서 사용하면 괴안은 수준이고 완제품이 아닌 반조립 무튼 날개랑 몸통이랑 분리되서 왔는데 초등아이도 조립할만큼 쉬운정도에요 저렴하니 쏘쏘
1094,생각보다쪼금하지만 길고 아기한테 위험요소가 안보이는거같네요 저려미가격에 만족합니다
1095,생각보다 작네요 리모컨있는 제품으로 살려다가 고장이 쉽게 날듯해서 간단하고 심플한걸로 샀네요 외관은 깔끔하고 군더더기없어서 좋네요 성능은 좀 더 두고봐야할듯해요 잘써볼께용
1096,배달감사합니다 잘쓰겠습니다
1097,가성비 좋습니다 크기도 적당하고 잘 돌아가네요
1098,조아요조아조아요조아조아요조아조아요조아조아요조아조아요조아조아요조아조아요조아조아요조아조아요조아조아요조아조아요조아
1099,조그만 한게 넘나 귀엽고 정말 시원해요 하자없는 새상품으로 잘왔어요 진짜 귀여워요
1100,사진처럼 흠집도 나있고 높낮이 조절부분도 고장나서 제대로 고정도 안되고 전에 반품됐던 불량품을 재포장해서 출고한건지 진짜 너무하네요 다시 분해해서 비닐에싸서 박스에 넣어서 반품보내고 다시 받을때까지 기다렸다가 받아서 다시 조립할 생각이 엄두가 안나서 그냥 쓸까 싶은데 판매자님 제 상품평 보시고 새제품으로 보내주신다고 하면 받을 의향은 있으니 참고하세요
1101,젛아요 좋은 가격에 잘산거 같아요
1102,집 사무실 캠핑장 여러곳에 갖다놨어요
1103,아직 덥지 않아 개봉전입니다 선풍기 보다 부피도 작고 더 시원하다고 해서 구매했습니다
1104,미개봉이지만 리뷰보고구매했어요 좋을꺼라믿어요
1105,자세히 안보고 산 제 실수겠지만 타이머기능이 없는줄은 몰랐네요 이 기능은 기본이라 생각해서 당연히 있는지 알았어요 밤에는 사용을 못하겠어요 ㅠ
1106,가격이 저렴해서 조금 걱정했는데 선풍기보다는 훨씬 성능도 좋고 크기도 작아서보관도 용이합니다 다만 선풍기보다 소음이 조금 크다는 단점이 있어요
1107,조립도 쉬워요 청소할 때 귀찮긴 하겠지만ㅎ 에어컨 바람 퍼트리는 용도로 구매했어요
1108,배송 빠르고 상품 괜찮아용
1110,조립 쉽고요 머리 작아서 좋아요
1111,조금 불편하미여 ㅎㅎㅎㅎㅎ
1112,배송도 생각보다 오래걸렸는데 배송온 상자는 다 찌그러져있고 박스 테입도 뜯었다가 다시 붙이다 만것 같은게 반품제품 대충 담아보내것 같아 기분 나빴네요 반품신청 하려다가 걍 조립해서 사용해보니 제품 자체는 기본에 충실하고 괜찮네요
1113,디자인도 예쁘고 바람도 시원
1114,저렴한 가격에 상품도 좋아요
1115,조립하고 보니 로고가 거꾸로라 다시 했어요 ㅎㅎ 헤드는 작지만 힘은 센듯하구요 미풍 없고 타이머가 없네요 심플하니 더 고장 안나고 오래쓰길 바랍니다
1116,저렴하고 성능 좋습니다 그런데 박스 안에 곰팡이는 별로네요 습기 가득한 창고 보관이겠죠
1118,써큘레이터 선풍기 좋아요
1119,아주 시원하고 좋습니다
1120,설치 편리하고 작고 쎄네요
1121,당연히 있을줄알고 샀건만 바람은 좋아요
1122,잘쓰거 있어요 성른좋아요
1123,소리가 안 나고 좋습니다 잘 쓰겠습니다
1125,만족합니다 설명서 없이 조립도 간단하네요
1126,가격대비싸고좋아요
1127,저렴하게 구매 잘 했어요
1128,생각보다 작아요ㅡ
1129,전 가격대비 너무 조아서 한대 더 사러 왔네뇽
1130,가격대비 시원하고 재구매합니다
1131,배송빠르고 좋아요 조립쉽구요 성능도 좋습니다 와 정말 가성비템이네요 디자인도 깔끔하구요
1132,리모컨이 없으니 은근 불편하네여 돈 조금 더 주고 리모컨으롯 살껄 ㅠ
1133,더운여름 사용잘하겠습니다
1134,사고나니 다른제품이 세일하네요소음은 좀 나네요
1135,가격 저렴하고 강력한 바람 소음도 작고 빠른배송 다좋네요 저렴한 가격에 고급스러운걸 원하시거나 소음이 크다고 하시는분 냄새도 안나는데 냄새를 맡는분들같은 예민하신분에게는 비추입니다 이분들 후기때문에 다른걸 살뻔했어요
1136,최저가에 잘 샀습니다
1137,서큘레이터답게 바람은 강력하나 소리가 귀에거슬림집에있는 다른건이런소리안남 싸서그런가
1138,선풍기 성능 자체는 그럭저럭 괜찮은데 냄새가 며칠이 지나도 너무 심하게 나네요 반품하고 싶은데 박스를 버려서 그냥 써야할듯하네요
1139,가격도 저렴하고 시원해요
1140,귀엽운데 회전 안돼고 타이머 안돼네요 ㅜㅜ
1141,가성비도 굿 바람세기도 굿굿
1142,시간설정없어서 많이 불편해요소리도 작은편은아닌듯 바람이쎄고 시원해요
1143,배송빠르게 박스포장되어 안전하게 잘받았습니다 편하게 구매해서 좋아요
1144,배송빠르고좋습니다ㅇ
1145,바람도세고작지만시원해요
1146,배송이 빠르네요조립도 간단 아쉬운건 리모콘이 없다는거
1147,써큘레이터 써보니선풍기보다 더 괜찮은거같고 가격도저렴해서 구매했어요 생각햇던것보다 조금 작은감은있는데 이번여름 잘쓸것같아요
1148,단으로 돌리니 멀리까지 가네요 생각보다 사이즈가 작음 그리고 단계가 조금 약하길 바랜는데 좀 아쉬움
1149,복잡한 기능이나 소음이 적은것보다는 간단히 믿고 쓸만한걸 찾다가 예전명성 대우를 찾아 구매했습니다
1150,가격도 저렴하고 배송도 빠르고 가격대비 만족합니다
1151,배송빠르고 좋아요 가격대비 만족합니다 잔기스가 조금 있긴 했지만 만원대 가격이라 만족해요
1152,워매야 소리 더커블제 ㅠ 깜짝놀랬네 ㅠ 조립하는데 쫌 애먹었어요 여자혼자라 ㅠ 근데 바람은 겁나 쌘디 ㅡㅡㅋ 워매 깜짝놀램 ㅋㅋㅋ
1153,배송이 빨라요 좋아요
1154,쿠폰 사용해서 저렴히 구입했어요 조립도 간단하고 만족합니다 다만 대우 글씨있는데 스크레치있네요 사용하는데 지장없어서 괜찮아요
1155,일반 선풍기에 비해 바람세기가 엄청 세네요 저희집 선풍기 단이 이거 단보다 약해요 ㅋㅋㅋ 그렇다고 엄청 거슬릴 정도의 바람세기는 아니고 요즘 습하고 더운 날씨에 딱입니다
1156,자세한 설명없이 구입해서 낭폐봤습니다 걍 선풍기로 생각하고 구매하세요 윗 아래 수동 조절입니다
1157,쿠폰써서 싸게 잘 샀어요바람도 엄청 시원해요
1158,좋은 제품감사합니다좋은 제품감사합니다
1159,빠르게배송해주셔서 감사합니다
1160,받고 생각했던 것보다 너무 조그만해서 잘못싰다 생각했는데 바람은 강차고 시원하네요 불량도 좀 있어서 걱정했는데 잠시 틀어보니 괜찮음
1161,디자인 깔끔하고 이뻐요 시원하고 저렴하게 구매햇어요
1162,다른선풍기보다 엄청시원해요 저렴하게 구매햇네요 굿
1163,빠른배송 감사드립니다
1164,더운날 더운바람은 써큘레이터 잘못이 아니죠 정말 에어컨과 같이틀면 짱짱짱 바람 세기가 장난아니예요
1165,저렴하게 구입 해서 기분이 좋아요 기능도 쎄고 만족합니다
1166,가격대비 좋아서 번째 구입중 입니다
1168,성능은 좋은데 전선피복이 까졌네요 절연테이프로 감고 안으로 집어넣고 씁니다 검수가 잘되서 보내주셨음 하네요
1169,깔끔하고 가볍고 바람도쎄고 완전 좋습니다
1170,소음조금 있음 단으로해도 만족 돌리는 거라 좀 귀찮음
1171,첨에 남편이 조립하면서 너무 작은걸산것아니냐 했는데 바람 엄청강하네요
1172,바람은 단도 센편이고 소음은 어느 정도 있는 편이예요 가격만큼입니다
1173,작아도 성능은 좋아요 소음 좀 있어요
1174,가격도 넘 싸고 성능도 좋아요 타이머를 평상시에 잘 안써서 걍 샀는데 남편도 만족해합니다 근데 바람이 넘 쎄서 계속 못튼다는 한여름에 에어컨 앞에 놔두면 딱 좋을것 같아요
1175,와 일단을 틀었는데도 기본 선풍기 강풍정도의 세기네요 너무 만족해요 원 주고샀는데 이렇게 좋을수가 고민하시는분들 꼭 사세요 흰색이라서 인테리어 방해도 안되고 이쁜편인데 성능은 일반선풍기의 몇배씩 되네요 강추강추
1176,하나써보니쉬원하고좋아서 하나 두입했네요
1177,지인집에서 조그만게 너무 강력하더라구요 가격대비 좋아요 다만 소음은 선풍기보다 있어요
1178,배송도 빠르고 소음도 없이 시원한게 정알 좋아요 아쉬운점이 있다면 타임기능이 없다는점이지만 가걱대비 짱좋아요
1179,너무 귀엽게 생겼어요 타임어는 없지만 심플하니 좋아요 기회되먄 하나더 살려구요
1180,소음은 거슬리지 않는 정도예요 아주 좋아요
1181,동영상 자료랑 좀 달라서 조립하기 힘들었는데 제품은 괜찮아요
1182,배송빠르고좋아요 감사합니다
1183,가격대비 제품의 만족도는 약간 높은 편 바람도 세게 불어주고 멀리까지 불어줌 소음 약간 높은 편 리모컨 없는 점에 대해서는 그리 불편함이 없음
1184,대우 마크 하나 제대로 인쇄가 안 됐네요 정상 제품이 맞는지
1185,바람세고 시원해요 작년에 하나구매했는데 좋아서 한개더 구매했어요 단점은 시끄러워요
1186,생각보다 작긴한데 바람은 세네요
1188,하루만에 배송되고 가격대비 너무 훌륭합니다 조립도 쉽고 예뻐요 바람도 쎕니다 소음이 크다고 하는데 선풍기 정도의 소리라 거슬리지 않아요
1189,좋습니다ㅎ 최곱니다ㅎ
1190,크기는 조그마한데 단이어도 바람은 쎄요 작고 귀여워요 하나더 살까 고민중
1191,조립도 쉽고 리모콘 없는게 아쉽긴하지만 작동 잘 됩니다
1193,바람 시원하고 소리 크지 않아 좋아요
1194,좋아서 친정도 사드렸음
1195,작은데 시원해요ㅎㅎ잘쓸게요
1196,크기는 작은데 바람도 세고 가성비도 좋고 만족합니다
1197,크기는 생각보다 좀 작은데 괜찮네요
1199,타이머 없어서 좀 불편하지만 바람은 강하고 좋네요
1200,가격대비 괜찮은듯합니다 잘받았습니다 감사합니다 잘받았습니다 감사합니다 잘받았습니다 감사합니다
1201,잘받았어요 소음이 있지만 작고 시원해
1202,저렴한 가격에 샀어요 손가락 안들어가서 좋네요
1203,아담하니 좋네요 안전망쪽 나사가 없는건지 암튼 뭐가 안맞아서 남편이 집에 있는걸로 고정했어요
1204,완전 완전 맘에 들어요
1205,두번째 구매하네요 깔끔하고 이뻐요
1206,작지만 바람은 세네요 
1212,작년에 대 구입했는데좋아서 재구매했네요 일단일반 선풍기보다 작고 슬림해서 미관적으로 이쯔고공간 활용도 좋구요바람도 셉니다
1213,잘받았습니다 감사합니다 잘받았습니다 감사합니다 잘받았습니다 감사합니다 잘받았습니다 감사합니다 잘받았습니다 감사합니다
1214,저렴하게 구매했습니다 생각보다 마이 작네요
1215,소음이 적어 참 좋네요
1216,선물줬는데 작고 바람쎄고 좋다고합니다
1217,좋아요좋아요좋아요
1218,달전에 사서 요즘쓰고 잇는데 타이머 없는거 빼곤 바람도 쎄고 환기 시킬때 좋아요 착한가격에잘삿어여
1219,견고함이나 성능은 더 써봐야죠
1220,디자인굿 성능은좋은데 타이머가 없네요
1221,일반선풍기보다 시원하게 바람이 와서 좋아요 소음은 좀 있지만 시원한게 최고ㅎㅎ
1222,아직 사용전인데 사이즈가 크지 않아 샀어요 작지만 성능이 좋기를 기대합니다
1223,아들이 조립해놓았네요 귀엽네요
1224,소음도 작고 생각보다 시원하네요
1225,바람도 세고 디자인도 괜찮아요
1226,크기가적어도 바람세기가좋아요
1227,디자인도 이쁘고 바람이 쎄네요
1228,짱시원해요 추천합니다
1229,배송도 빠르고 괜찮아요
1231,배송도 빠르고 괜찮네요
1232,넘 가볍지만 바람이 꽤쎄고시원합니다
1233,써큘레이터는 첨써보네요 통자체가 넘작아서 선풍기만큼 되려나생각하고 틀어보니 조그만데 바람은 꽤 쌔네요
1234,저렴하게 구매했네요 아직 사용전이라 성능은 잘 모르겠지만 일단 수동이라 가격에 감안 해야할듯요 바닥면이 넘 가볍고 기둥이랑 윗부분이 무거워 잘 쓰러질거 같아요
1235,바닦이 넓어 흔들림 없고 괜찮네요 작년에 산건 흔들렸는데 바람도 좋아요
1236,빠른배송 제품좋아요
1237,스텐드 선풍기 코드줄이 넘 짧다ㅠ
1238,이 크기에서 이 바람이 나오니 좋네요 견고해 보여요
1239,써큘레이터시원하고작동잘되네요
1240,타이머도 없고 작년거랑 같은건줄 알고
1241,양심좀 있으세요 리퍼상품인가요 반품상품 인가요 어디 선풍기도 이보다낳겠습니다 어이없어서 소음도 이런소음없읍니다 최악이네요 회전안되고 회전하면 따각따각 소리 금방이라도 터질듯한소음 단계마다더 심해요 짜증나게 교환왓다갓다 또흘걸리겠죠 스마일배송 인데말이죠 어이없어서 진짜 조립해보고 보이시죠로고도 거꾸로붙여져 있어서 느낌쎄하더ㄴㅣ 진짜 무서워서 버릴꺼에여 판매자님 단돈 만원이라도 값어치 상품 판매하세요 급하다고 리퍼 반품 상품보내지마세요 기분더러우니까
1242,작은데 생각보다 시원하네요
1243,저렴해서 몇해 쓰기 괜찮은거 같아요
1245,쿠폰적용해서싸게샀어요감사합니다
1246,가격대비 좋아요 ㅎㅎ
1247,애들방에 놓으니 딱이네요
1249,소음도 적규 너무 시원해요
1250,집에 있는것 보다 커서 좋고요 여자혼자 조립시간 분이면 되고요 바람도 쎄고 소음도 거의 없이 조용합니다 바로 개더 구매 했습니다 개인적으로 완전 추천 합니다
1251,가격대비 시원하고 좋아요
1252,배송도 안전하고 빨라서 좋습니다
1253,작고 귀여운데 바람은 시원하고 조용합니다
1254,엄청 시원한데 단이 엄청 쎄요 잘때는 못틀고 잘거 같은 정도 ㅎㅎㅎ 소음도 바람쎄기에 비하면 조용한편이네요
1255,소음은 약간있지만 시원해요 자리차지도 안하고 저렴하게 샀어요
1256,두개샀는데 바람시원하고조아여
1257,두개샀어요 바람쎄요
1258,냄새가 너무 나요 냄새빠지길 기다리다가 여름 다 가겠어요
1259,다른 기능없이 풍속풍향 조절만 있으니 간단하고 좋아요 가격도 알뜰하고요 처음에 냄새가 좀 많이 났는데 하루 지나니까 괜찮아요 시원합니다
1260,디자인도 맘에들고 성능도 맘에 드는데 냄새가 좀 심해요
1261,괜차나용 싸게잘삿어용
1262,강풍긴줄ㅋ 시원하고 좋아요
1263,배송도 빠르고 싸게 잘삿어요
1264,너무 괜찮아굿 입니다
1265,저소음라해서 샀는데 생각보다 소리가 있네요 단계인데도 바람이 강하게나와서그런지  공기순환은 잘되는듯합니다 냄새가 너무많이 나네요
1266,시원하고 좋습니다선풍기보다 좋네요
1267,취소하고싶었는데 바로 배송처리해버려서 그냥받았습니다 구매평에 선풍기 소음이 크다고하는데 진짜 크고 거실에서만 사용하네요 리모컨이 없어서 불편하고 스크래치가 많아요 가격이 저렴해서 그냥씁니다
1268,잠잘때는 소리가 좀 크네요
1269,타이머는 없지만 바람이 쎄서 시원해요
1270,첫날엔 모터타는 냄새 많이 났는데 지금은 괜찮아요 만족합니다
1271,시원합니다구구구구굿
1272,기존 선풍기보다 디자인도 이쁘고 소음도 작고 바람도 쎄서 좋아요
1273,모양도이쁘고 시원하고 맘에듭니다
1274,가성비 좋아요 소리는 점 크지만 거실에서 쓰기 젛아요
1275,벌써 번째구매이고 맘에드네요
1277,써큘을 만원도 안되는 가격에 사다니 정말 득템했어요 처음에 타는 냄새가 나서 좀 걱정했는데 시간이 지나니 없어지네요 바람쎄고 좋아요
1278,심플하고 깔끔해서 아주 흡족합니다 대박나세요
1279,냄새가 첨엔 나지만 한 시간 틀어놓고 있으면 다 빠져요 가격대비 좋아서 또 시켰어요
1280,일반선풍기보다시원하네요
1281,아주 좋습니다 옛날식 선풍기 쓰다가 첨 사네요
1282,바람세고 멀리까지 가서 좋아요
1283,너무 조아서 두번째구입입니다
1284,벌써 번째 구매입니다 커다란 바람날개 선풍기보다 훨 시원합니다 공간도 조금밖에 차지라지 않아서 정말 핵 강추템입니다 완전 아끼는 선풍기진짜 좋아요
1285,리모콘은 없지만 별불편없구요 가격 저렴하나 바람 엄청 세구요 소리는 번부터는 조금 시끄러우나 번으로도 충분히 시원하고 나름 편리합니다
1286,소리는 약간 바람은 시원하네요
1287,좋은데 살짝 초반에 냄새가 나긴합니다
1288,크기는 작지만 기존 선풍기에 비해 시원하네요 타이머는 없으니 참조하세요
1289,불량 문의도 있는데 바랑 쎄고 쓺만함 적극추천합니다 조아요
1290,가격도 저렴하고 배송도 빠르고 만족합니다
1291,저렴한가격 예쁜디자인이긴한데 조립하다가 선을 안으로 넣다가 다벗겨져버렸네요 전기선껍질이 왜이리 허술할까요 작고 시원하긴 합니다 타이머가 없는게 아쉬워요
1292,싸고 엄청 시원해요 ㅎㅎ
1293,싼만큼 가성비 갠차나요 소음은 있지만 쓸만합니다ㅋ
1294,착한가격에 품질도좋아요
1295,히나사고 괜찮은듯 해서 하나더 주문해 줬는데 문론 선풍기보다는 소음이 있기는 한데 가격은 조아요 일단 싸고 바람도 세게 조절 되서 ㅡ
1296,가격도 저렴하게 잘 샀구요 조립도 너무 쉽고 좋으네요
1297,잘받았어요잘받았어요
1298,거짓말 배보테서음 에어컨 안켜도 되겠는데요 그만큼 시원함ㅋㅋㅋㅋ작은데 힘보소ㅋㅋㅋㅋ
1299,단만 했는데도 바람 멀리가고 시원하니 좋네요 소음은 있어도 거스릴 정도는 아니에요
1300,버튼이 근데 잘안먹힐때가있네요
1301,저렴한 가격 만큼 성능도 떨어질 거라 생각하지만 성능이 정말 무척 좋아요 정말 시원하고 만족합니다
1302,대우 에어 써큘레이터 선풍기 좋아요
1303,작지만 바람쌔요 디자인도 예뻐요
1304,저렴한가격과 시원한 바람 좋아요
1305,바람 진짜 세요 타는냄새도 좀 있어요 타이머 없는게 아쉽 ㅠ
1306,가성비 좋네요 굿 굿
1307,약하네요 평이 대단하길래
1308,성능가격 좋고 조립도쉽고 최소기능만있어 간편하고 다좋은데 튼튼해보이진 않네요새상품이 얼룩과 지문이 조금있어요그냥 닦아씁니다
1309,가성비 넘좋네요 바람도 강하고 작동 잘됩니다
1310,배송은 어제 저녁에 시켰는데 오늘 낮에왔구요 조립은 꼭 동영상 참고하셔서 하세요 안보고 했다가 전선때문에 난감했네요 
1311,반품을 주신 흔적이 너무 나서 반품하려다가 급해서 그냥 씁니다 하자가 있어서는 아닌가 같아서 ㅠㅠ 그래도 좀 너무 하네요
1312,저렴하게 샀는데 돌아가는소리가 좀 이상한데 뒷부분에서 모타돌아가는소리가 나는게 당연한건지 모르겠네요
1313,시원하게 잘쓰고있어요 잘쓰고있어요 잘쓰고있어요
1315,생각보다 작은데 바람은쎄네요
1316,대우 에어써큘 레이터 소리도 조용하고 바람이 시원해서 마음에 쏙
1317,선풍기 대용으로 구입했다가 공기 순환용이라 바람이 시원하지 않니 어쩌니 해서 걱정했는데 바람 시원하고 짱입니다  타이머가 없는게 좀 불편하긴한데 저령한 가격에 좋은 상품 정말 만족합니다
1318,가격에 맞게 소재는 마감이 아주좋지는않은 플라스틱이고요 단으로놔도 바람이 쎈편이라 쓸만합니다 이상하게 단보다 단이 더쎄요 그리고 소음은 예민한사람은 신경쓰일수도 있습니다 선풍기소리랑은 좀다른 소음이네요
1319,아기자기하니 아이들이 방에서 쓰기에 좋으나 타이머기능이 없네요 ㅠ 아쉽네요 ㅠ ㅠ
1320,배송빠릅니다 대우 선풍기 가격대비 바람도 쎄고 좋아요
1321,작아도시원해요단계도바람이세요대우꺼의심반저렴해서사봤는데품질좋네요감사요
1322,조립은 쉬워요 다 조립하고 보니 높이조절이 안되더라구요 부서질까봐 걱정됐지만 위아래로 조금씩 당겨보니 얼추 높아지긴해요 최대높이 센치라고 써있는데 까지는 되는듯요 그리고 까맣게 묻어있는 부분이 있는데 안지워지네요 교환 번거로워 그냥 사용합니다 써큘레이터는 처음인데 바람은 매우 시원합니다 선풍기랑은 확실히 다르네요
1323,서큘레이터가 바람을 일직선방향으로 바람부는데 나쁘지않습니다
1324,가성비는좋아요소리는좀시끄럽네요
1325,두번째주문입니다써보니매우만족해서또주문했어요
1326,미풍이 생각보다 강하고 소리도 조금 큰편인데 조립하기 편하고 좋아요
1327,써큘레이터답게 멀찍이 세워두고 쓰니 바람이 잘 옵니다다이얼식 바람세기 단계이고 선이 많이 짧습니다멀티탭으로 연장해서 사용합니다자리 많이 차지하지 않아 좋습니다
1328,완전 강하고 소음도 일반 선풍기보다 더 조용해요 애기 옆에 틀어도 안 깨겠어요 무소음에 가까워요
1329,진짜 생각보다 너무 작아요
1330,소음적고 공간차지적어 좋아요
1332,추천합니다추천이요
1333,컴팩트한 사이즈입니다
1334,좋습니다 바람세기 좋고 조립은 분 정도 걸렸는데 쉬워요 가성ㅂ 굿
1335,저렴하게구매했어요좋아요
1336,조립 쉽고 시원하네요 소음은 조금 있어요
1337,딱 선풍기 단순한기능이라 고장없을듯해요
1338,조립 분해가 간단하네요 타이머가 있으면 좋겠다는 생각이듭니다
1339,배송도빠르고너무좋아요
1340,월초에 구입해서 서보고 만족한터라 하나 더 구매 조립하는게 귀찮긴하지만 어려운건아니라 분내 뚝딱
1341,작아두 시원하네요
1342,좋은제품 잘쓰겠습니다
1343,조절 판의 크기는 일반 선풍기랑 동일 하며 높이 조절 버튼이 있어 편리하고 날개통이 길고 촘촘해서 손가락 끼임은 적어요 바람세기는 좋고 소음 보통입니다 가격 대비 만족할 만한 제품입니다
1344,첨써보는데 조립간편 디자인도굿 가볍고 가성비가좋네요
1345,이동시 가볍고 작은방에서도 딱좋은 싸이즈입니다
1346,좀약해보이긴한데 시원하겠다
1347,작지만 시원한 잘 샀어요 만족합니다
1348,바람이 아주 쌥니다 좋아요
1349,배송빠르구요 가격대비 성능 좋아요
1350,가성비 좋아요제 기준에 소리 조용합니다 버튼이 ㅋ 원시적이긴 하지만 가격이 착하니 감당해야죠
1351,좋아요가성비 짱인듯요
1352,디자인은 심플하고 예뻐요 다른 브랜드가 비싸서 싼맛에 구입해봤어요 성능은 좀더 써봐야 알것같아요
1353,작은데 그래두 풍량이 제법이네요 내구성은 좀 떨어지는것 같아서 고장없이 올해만 잘 났으면 하네요
1354,단골이예요 가격대비  너무 좋아요 앞으로도 계속 좋은제품 부탁드려요 번창하세요
1355,작은데 선풍기보다 시원하네요
1356,조립중입니다 바람이 세다고 해서ㅈ구입
1357,아직 조립존이라 어떤지 모루겠어요
1358,크기도 일반 선풍기보다 작아요 근데 차이가 크진 않아요 성능 좋고 가격도 좋구 좋아요
1359,드디어 써큘샀네요 좋네요 ㅎㅎ
1360,바람이 쎄네요소음이 좀 있네요
1361,써큘레이터 낮은 거 사용하는데 편한 듯 싶어 특가로 나와 충동 구매하였지만 만족합니다 생각보다 바람도 넓게 퍼지고 에어컨 근처에 두고 사용하기 좋을 거 같습니다 고맙습니다
1362,한여름 시원하게 보낼수 있겠어요 조립도 간단해서 사용하기 편리합니다 배송도 빨리 왔어요
1363,시원하구 좋아요타이머기능있는걸로 재구매해야겠어요
1364,상품을 받자마자 조립은 설명서 없이 분만에 끝날정도로 쉽고 사실 선풍기가 조립이 다 거기서 거기라 특별난게 없기는 하지요 서큘레이터 치고는 작은것 같네요 하지만 날개 주변 커버를 좁게하고 깊이를 깊게 해서 바람이 넓게 퍼지는것보다 좁은면을 강하고 멀리 보내게 하기위해 만든것 같네요 거실보단 방안에 설치하면 빨리 순환이 될것 같네요 나름 저렴하게 구매해서 만족합니다
1365,조립하는데장난감같음 귀엽네요 튼튼해보이진않지만 가격이저렴하니괜찮아요
1366,가볍고 넘 이쁘네요 단도 엄청 시원해요 너무 마음에듭니다
1367,이거 어떻게조립하라고ㅡㅡ 드럽게 안빠지네요ㅡㅡ 힘없는 여자는 어찌하라고 승질나서 못해먹겠음요
1368,가격생각하면괜찮아요
1369,헐 예약기능이 없는즐 몰랐네요 걍 그냥 쓸랍니다
1371,소음적고 귀엽네요 고장없기를
1373,잘쓸께요 
1374,시원한데 소리가좀크네요
1376,좋아요 조용하고 시원해요   수고하세요
1377,작아도 생각보다 괜찮아요 고급형보단 떨어지지만요 ㅎㅎ
1378,작은데 엄청 바람이 쌔네요
1379,대우 써큘레이터 잘 받았습니다 가격 저렴하고 성능 너무 좋아요 감사합니다
1380,처음에 사용할때 탄냄새가 나고요 시간조절이 없어서 ㅠㅠ 빼고는 가성비 좋아요 작아서 아이들방에 딱 인듯요
1381,가성비좋아요 ㅎㅎ 이쁘내요
1382,선풍기 고장이라 가성비로 샀어요선풍기보다는 머리부분이 작긴한데요 시원하네요 타이머 없는게 조금 아쉽긴 한데 이가격에는 만족합니다 리뷰에 냄새난다고 해서 좀 걱정했는데 조금 나긴 하네요
1383,작은 크기에 시원한 바람 팡팡 나와서 좋아요
1384,어제저녁주문 오늘 낮에받응 상풍평이 좋하서 믿고구매함 가성비 굿입니다 조립도 어렵지않구 조금한 녀석이 선풍기 두배몫을 하는듯요 미리상품평 확인않했으면 냄새때문에 큰일난줄알뻔 냄새는 정말심하군요ㅜㅠ
1385,대우 써쿨레터 선풍기가격으로 좋은거 같아요감사합니다
1386,귀엽고 깔끔해요 진짜 소음도 별로 없고 바람도 멀리까지 나가네요ㅎㅎ
1387,딱 만원대 기능가성비
1388,정말 저렴하고 빠르게 잘 샀네요 조립도 쉽네요
1389,아담한데요 바람은 시원해요
1390,타이머 필요없는 부엌 서재 등에서 쓰면 아주 좋아요
1391,많은 기능 필요없어서 저렴한걸루 샀는데 잘 쓰고 있습니당
1393,소음이 끄지만 바람은 시원해요
1394,요새는써큘하길래선풍기대신구매 밤에소리가커다네요 바람은강하고시원한것같아요 시간조절하는게없어서안타까워요 선풍기고다조금작아서 선풍기마한작은우리집에는좋아요 친정에한대기증
1395,급히구매했네요 요새는써큘하길래선풍기대신구매 밤에소리가커다네요 바람은강하고시원한것같아요 시간조절하는게없어서안타까워요
1396,팬이너무작아서 당황했지만 성능은 정말좋아요 배송빠르고 가격대비 만족스러운 상품이였어요 추천합니다
1397,배송은 정말 빨라요 작고 귀엽네요 소리는 좀 시끄러워요
1398,작동은 잘되는데 소음은 좀 큰 듯하네요
1399,와생각보다 작구 긔엽네용 디자인 깔끔하구 조작버튼 겁나 간단함 ㅋㅋ 단만 해두 충분히 시원합니다 소음 살짝 있는데 이 가격이면 참을만합니다 거실용이니까ㅋㅋㅋㅋ 부모님 거실에 놔드렸는데 작은 게 꾀 시원하다 하시네요 감사합니다
1400,시끄러워요 좀 많이 시끄러워요 시끄러워요
1401,추천할정도의 제품은 아니지만 가격대비 쓸만함 타이머기능 없고 단이지만 바람쌔고 소음도 있고 회전도 불편하게 되었고 단순한제품
1402,타는 냄새가 계속나고 튼지 이틀째요 문의하니 일주일은 지나야한데요 ㅜㅜ왜그런걸까요 집에 써큘 대건만 냄새는 보통 하루만에 없어졌는데ㅜㅜ 그리고 중심축 가운데 안가있고 플라스틱 좀 그렇긴한데 확실히 바람은쎄고요 멀리 나가긴해요 써큘좋아서 선풍기대신 쓰긴하는데 이건 가성비는 갑입니다
1403,배송 빠르고 좋아요
1404,선풍기 귀여워요 시원하고 생각보다 소음도 그리 크지 않은듯 다만 타이머가 없어서 많이 아쉽네요
1405,조립도 좋고 사용법도 직관적인게 고장 잘 안날듯해요 미니한것도 맘에들고 타이머만 있었음 방마다 구비하고 싶네요 블랙도 나오면 좋겠어요
1407,선풍기보다 소음이 더 크네요
1408,저렴하게 잘 샀습니다 배송도 빠르고 좋아요
1409,잘 받았습니다 수취확인만 아직 미개봉 잘사용할께요 
1410,가격대비 가성비최고입니다
1411,타이머 없는것 빼고는 좋아요
1412,잘 돌아가고 바람세기도 엄청 세네요 잘 샀어요
1414,가성비가 좋은 물건 입니다 구매해서 사용해 보면 알수 있어요
1415,사이즈는 깜찍해서 맘에 들었고 바람세기도 세고 다 맘에 들어요 단 포장시 전선에 곰팡이가 좀 펴있었던점 차음 틀어보니 냄새가 좀 나는점 요론 단점이있네요 일단 좀다 틀어보면 냄새는 날라갈듯
1416,생각보다 소리가 너무커서 신경쓰입니다 가격대비 좋지만 아쉽습니다
1417,참신하네요 작다고 얕보지마세요 오늘 조립해서 시운전 했는데요 옛날 좋다는 선풍기 멀리멀리 가라네요 시원한 바람이 무척 셉니다 날개여서 그런지 가성비 짱입니다 역시 모터는 대우네요 강추합니다
1418,좋아요 ㅎㅎ 감사합니다 ㅎㅎ
1419,조금 흔들흔들 거리지만 가격대비 만족
1420,싸고 후기 괜찮아서 구매했는데 모터냄새 심한거 빼곤 괜찮아요 작고 기능 단순하고 바람쎄요
1421,제품 잘 받았습니다 배송도 괜찮았습니다
1422,받았읍니다 받았읍니다
1423,세개째 구매한것입니다 바람 멀리까지 가고 배송 빠르고 조립쉽고 가성비 최고입니다
1424,리퍼베품 같이 군데 군데 스크래치가 나서 배송 되었네요 전 새제품을 구매했는데 군데나 스크레치가 있는게 리퍼 제품을 보낸건가 궁금하네요 답변 부탁합니다
1426,저렴해서 구입했는데 아담하고 좋아요 선이 좀 짧긴한데 코드 꼽아쓰면 되니 만족해요
1427,가격대비 잘사용하고 있습니다
1428,설명서보고 부품 부족인줄 알고 헷갈렸는데 다시 지마켓의 설명서 보니 금방 쉽게 됐어요 선풍기 맘에들어요
1429,좋은 상품 저렴하게 구입입했어요
1430,시원하게 잘 쓰겠습니다
1431,완전 귀여워  바람세기도 좋고 조립도 간단해서 좋았어요
1432,선풍기가 고장나서 여러군데 살피다가 딱 맘에 들어 구매했어요 이쁘기도 하고 성능읁계속 사용해봐야알겠죠
1434,소음도 작고 크기는 작은듯한데 바람은 세요 저녁 늦게 주문했는데 다음날 바로 와서 놀랬어요
1435,착한가격굿 
1436,디자인이나 작동은 잘되고 좋습니다 그런데 타이머기능을 찾을수가 없더라구요ㅠㅠ 기능이 없는 제품입니다 좀 어이없죠 타이머가 없다는걸 상상조차 못했죠 당연하게 있어야하는것을 크게 아쉽죠
1437,소리가 심함 디자인이 심플하지만 시간예약이없음
1438,본체 바닥이 커서 나름 헤드를 안정적으로 잡아줌 특유의 모터소리와 팬소리가 혼자 조용히 있을때는 거슬림 단이 일반선풍기의 단
1439,싸고 이쁘고 대만족
1440,저렴하고 작고 얘쁘네요 가성비 굿
1441,전체적으로 외양이 단순하고 깔끔합니다 조립후 작동해보니 소음도 별로 없고 바람이 쎄서 만족합니다
1442,정말 훌륭합니다 이런퀄리티를 완전세일로 저렴하게 여러벌 구매했네요정말 출륭합니다 운동할때 항상착용하고 있습니다 운동에 꼭 필요한 요소가 됐네요마니파시고 번창하길
1443,배송 빠름 전선 이상 없음 시원함
1444,전기요금은 많이 나오고 ㅡ 이게 써큘레이터인지 의심이 가는 물건 일반 선풍기
1445,타이머가 없지만 이가격에 이정도면 뭐만족합니다
1446,가성비 굳 입니다 추천해요
1449,일반선풍기보다 강하네요
1450,괜찮은데 소음이 있네요
1451,단 타이머 기능이 있었더라면 수면중에 일어나서 꺼야 되는 불편함
1452,단 타이머 기능이 있었더라면
1453,와우 정말 좋네요 작아 보였는데 시원합니다
1454,싸게 잘 구매했어요
1455,빠르게 배송되어서 왔어요
1456,쪼그만한선풍기인데 바람세기가 시원하고 성능 짱이예요 대박나세요
1457,배송이 빠릅니다 좋아요
1458,잘 쓰고 있어요 배송 빠르네요
1459,그저그러네요 ㅎㅎ 배송은 빨라여
1460,아이들 방에 선풍기 고장나서 싸게 구입햇어요
1461,일단 조아요
1462,가성비 좋음 추천 최고다 
1463,미안 가격만보고 걍 샀는데 필요한기능이 많이 없네요 ㅠㅜ
1464,배송 하루만에 받았구요 받자마자 분만에 뚝딱조립 바람 잘 나오구요 바람도 멀리까지 퍼지네요 한 미터까지는 무리없이 잘 오고 가격대비 매우 맘에 듭니다
1465,조용하다 평있어서 사봤는데 시끄럽긴하네요ㅠ
1466,작긴한데 바람 쎄고 좋아요 ㅎㅎㅎ
1467,시원하고 좋네요 ㅋㅋ ㅋㅋ ㅋㅋ
1468,소리가 좀심하네요 바랑은그럭저럭
1469,괜찮아요가격대비에 괜찮아요
1470,작으면서 바람은쎈것같터요
1471,소음은 있지만 기능은 제대로
1472,ㄱㄷㄱㅌㄱㄷㄱㄷㄴㅌㄹㅊㄴ
1473,정말 시원해요 저희는 개 구입 했는데 진짜정말 바람이 시원해요 강추 합니다
1474,바람이 쎄요 단만 해도 완전 시원
1475,바람이강하고 자리차지 안하고 높이도 꾀올라가서 좋은데  단이 다른선풍기  단 수준의 세기에 소음이 정말커요 집에 선풍기  대있는데 이렇게 시끄러운  단은 처음봄요 다시는 사고싶지 않아요
1476,가성비좋습니다 이가격에 아주 시원하네요
1477,사납지않은 소리와 분리세척 깔끔한 디자인 좋아요 전에 구매했던건 키높이를 고장내켜 부엌 환기용으로 사용하고 에컨용으로 재구매 했습니다
1478,시원하고 좋아요 올여름 대만족임
1479,빠른배송 감사합니다 소음 좀 있긴하지만 에어컨 안나오는데 더운것보다는 소음이 낫네요 아주 조용한 써큘레이터 찾으시면 비싼거 사세요 ㅋㅋ 생각보다 귀엽고 바람도 세서 머리도 말리는데도 쓰는데 저는 만족합니다
1480,잘받았습니다 시원합니다 폭은좁시만 선풍기보다는 시원합니다
1481,일반선풍기보다 좋은듯해요
1482,가격도 저렴하고 좋아요
1483,저렴한 가격으로 쓸만해요
1484,가격대비 좋습니다
1485,선풍기에 더하여 공기 순환을 위해 간단한것으로 보여 구입했는데 바람만 나올때는 괜찮은데 회전을하면 뚝뚝 꺾어지는 소리가 계속나네요 사놓고 이제야 사용하기 시작했는데 교환이 되려나 너무 싼걸 사서 그런가 후회가 됩니다
1486,배송이 아주 빠릅니다
1487,스탠드선풍기 잘받았습니다
1488,일단 모양은 깔큼 예뻐요 소음적고 바람쎄고 멀리가고 순환도잘되요 대우 굳굳
1489,쓰고있어요 선풍기보다 시원하대요
1490,일단 선풍기보다 머리부분이 작아요 좋아요 바람도 시원하고 좋아요
1491,만족합니다 감사합니다
1492,대우 에어 써큘레이터 강력추천합니다
1493,참좋아요 선풍기보다 바람 출력이 좋아요
1494,아주 만족합니다 하나더주문해요
1495,부품 하나 안와서 똑같은질문을 세번이나 하게 만들고 답변은 하루에 한번 똑같은 매크로식 답변만와서 기분드러워서 고객센터 연락해서 부품 배송신청했습니다 문의알바 짤라버리세요 대응 더럽게못함
1496,화이트고 부피도 작아서 이쁘네요 소음적고 시원합니다
1497,바람세고 소음도 작고 더 구매하는 이유를 알것 같아요 저도 하나 더 사야겠어요
1498,소음 크게 느껴지고 목회전이 잘안되네요
1499,두번째 구매했어요 소음은 조금 있지만 가격 저렴하고 시원해요
1500,상품평보니 소음이 심하다던데 전 괜찮아요확실히 선풍기보다 시원하고 가성비 좋네요
1501,타임기능없는 선풍기 처음봄
1502,모양도작고귀여운데 정말시원해요
1503,잘못하시는분은 다른상품을 이용하세요 뿌실뻔 했습니다 ㅜ
1504,선풍기만 사용하다 가격도 싸고 의심반으로 주문해서 썻는데 오굿입니다 왜 써쿨써큘 하는지 알겠더라구요
1505,바람엄쩡쎄요
1506,에어서큘레이터 자체가 원래 그런걸까요 진짜 시끄러워서 저는 안쓰는데 엄마가 바람 세서 너무 좋다세요 소음만 없었어도 점인데
1507,가격대비 가성비가 좋아요
1508,디자인 넘 이쁘고 많이 작지않고 크기에비해서 시원합니다 타이머 없는건 좀 불편하지만 그외엔 짱입니자
1509,소음이 심해 잘때는 못틀겠어요 바람은 다른 써큘레이터보다 훨씬 강력합니다
1510,에어서큘레이터 성능좋고 쿠폰으로 더욱 저렴 저렴 감사합니다
1511,작은데 바람 이 너무세묘 춥고 타이머도 없고 눌러서 켜고끄는 기능이아니고 돌 려야 하는거라 불편합니다
1512,오빠집에 선물로보내줌 소리는 크지만 시원하고 좋다고함
1513,소리는 조금크지만 바람이 쎄고 시원하네요 에어컨틀고 공기순환에좋을거같아요 지금은 선풍기용으로 잘쓰고있어요
1514,잘받아습니다 저렴하게구매해요
1515,착한가격에 만족합니다
1516,아들이 벌써부터 덥다며 사용하고 있네요 전 아직 쌀쌀하던데 에어컨 틀기 전까지 많이 사용할 듯 하네요
1517,심플하고 직관적이라 좋아요
1518,작은데무겁네요 편하게사용하게괜찮은듯
1519,가격에 비해 정말 좋은 제품입니다
1520,쓰기도 간편하고 깔끔한 디자인과 바람도 시원합니다
1521,좋아요 넘 시원하구 강추합니다
1522,작은게 진짜 시원하고 좋아요
1523,정말최고네요 성능도 가격도
1524,조립쉽고 소음도 별로없어요 배송도 빨라요
1525,시간설정없는 선풍기처음보네요
1526,소음이 아주 많지만ㅈ바람이 멀리까지가고 아주 시원하다
1527,아직 조립전인데 올여름 잘쓸거 같아요 배송도 넘 빠르고요
1528,간단하게 조립 할수있어 좋아오ㅡ
1529,좋네요 디쟈인도 갠찬구 아들이 좋아하네요
1530,배송이 엄청 빠르고 넘 맘에 들어요
1531,잘받았습니다 배송 빨라 좋아요
1532,배송도 빠르고 성능도 좋아서 잘 쓰고 있어요
1533,소리가 좀 나지만 시원해요 회전시 삐걱거려요
1534,저렴한 가격에 괜찮네요  버튼식이 아니라 첨엔 웃음이 ㅋㅋ
1535,소리가 너무 시끄럽네요 작아서 그런지 단독으로 쓰기엔 시원하게 느껴지지는 않은거 같아요
1536,서큘처음써보는데 엄청시원하네요 저렴하게잘샀어요
1537,이가격에 넘좋은듯해요 역시짱
1538,좋습니다 좋습니다 좋습니다 좋습니다 좋습니다
1539,잘사용하고있습니다잘사용하고있습니다
1540,일단 바람은 일반 선풍기보다 엄청 강합니다 하지만 소음 또한 상당히 큽니다 선풍기 돌아가는 소음 뿐 아니라 쎄 하는 전자음도 같이 납니다 그 소음 때문에 머리가 아파 오래 못 틀겠습니다
1542,책상에서 공부하는데 키가 작고 줄이 짧다고 하는데 보통때는 괜찮은것 같아요 가격대비 깔끔하고 시원합니다
1543,써큘레이터 바람이 완전 세요 아주 좋아요 한개더시킴
1544,디자인과 성능 모두 만족합니다
1545,정말 감사히 잘 받을게요
1546,잘받았구요 마니마니 파세요
1547,조립도 간편 가격도 굿 좋아요
1548,소음은 상품평에서 읽어서 알고있었는데 써큘레이터라서 그런지 조그마한게 꽤시끄럽네요 선풍기로 쓰기에는 완전 강한바람이네요 싼가격에 좋은제품 완전강추입니다
1549,상품잘받았습니다 저렴한가격에바람도약하지않고 시원하고좋아요 조립도쉽고가벼워서이동하기도좋네요
1550,아담한데 바람은 쎄욯ㅎㅎ
1551,굿굿굿굿굿 굿굿굿굿굿
1552,성능좋고ㅈ가성비 좋고하네용
1553,선풍기 좋아요 좋아요 소음은 나지만 바람이 시원해요
1554,소리는크지만 성능 대박
1555,디자인이 깔끔해요타임기능만 있으면 좋겠네요
1556,사이즈는 적당한데 와 바람은 진짜 시원하네요일반선풍기보다 써클레이터라서 그런지 더 시원해요 저렴히 잘 사서 올여름 잘 쓰겠습니다
1557,사자마자 사용하지 않았어요 덥지 않아서 어제부터 사용하는데 틀자마자 덜덜 거려서 보니 날개가 깨져있네요 아마 금이 가있었던 것 같아요
1558,좋아요 좋아요 좋아요 ㅎㅎ
1559,가성비는 나쁘지않은데 모터가 좀 싸구려인지 소리가 커요ㅎ 바람은 크기에비해 강력
1560,완전 시원하고 대박좋아욤
1561,작고 깔끔하니 좋아요
1562,디자인바람세기 다 좋다
1563,잘 쓰고 있습니다 풍력도 강하고 좋아요
1564,가격대비 넘 훌룡하네요 추천합니다
1565,바람세기가 단으로만 해놓아도 시원합니다 기능없이 단순하고 바람세기도 시원하며 적극추천합니다
1566,거실용으로 샀는데 바람이 꽤 셉니다 내구성우 의문인데 잘 사용해봐야죠
1567,사용해보지 않았는데좋겠지요
1568,써보니 좋아서 벌써 두번째 선물이네요
1569,소음있는거 빼고는 다 괜찮아요 근데 조립할때 조금 헷갈려서 오래 걸렸어요
1570,좋은 제품 감사합니다 번창하세요
1571,작은데 생각보다 바람이 쌔요ㅎ
1572,시원하니좋습니다요욕
1573,조립할때 조금 힘들었네요 타이머가 없어서 조금아쉬웠어요
1574,바람은 시원한편인데 단계 하니 너무 시끄러워요
1575,너무좋아요만족합니다
1576,좋아요 소리도작고 바람도 쎄고 좋아요좋아
1577,친구집에서 써보고 주문햇어용 머리 말릴려고 주문햇는데 저는 단발이라 빨리 말라서 좋음
1578,싼 가격에 넘 많은걸 바랬어요
1579,배송 가격 모두 만족합니다
1580,사이즈도 딱이고 생각보다 좋으네요 조립도 쉽고 작동소리도 그리크지않고 보관하기도 좋을듯하네요 잘쓰겠습니다
1581,요번 여름은 쉬원하게
1582,머리말릴때 사용하려고 구매했는데 좋은거같아유
1583,그냥 작은 선풍기 시원했으면 좋겠네요
1584,추천합니다추천합니다
1585,선물했는데 튀김기옆에서 일해서 바람불어주니좋다고하네요
1586,아이방에 놓아주었는데 작지만 너무 시원하고 좋네요
1587,아주조아여 시원한여름
1588,잘 쓰고있습니다 좀시끄럽긴하네요
1589,작은개 바람도 강하고 좋아요
1590,좋습니다 적당하고요
1591,이 제품 만 써요
1593,상품평이 좋길래 구매했어요 조립은 어렵지 않았고 틀어보니 작은 사이즈에 맞지 않게 바람이 엄청 세네요 딸아이가 귀엽다고 좋아합니다
1594,조립후사용하는데 회전구간 단계는회전하지않고바람만나옴 고정단계는회전만하고 날개는멈춰바람도없음 재포장해서반송보내고시간도이깝고 그냥 단계만놓고 쓰네요 이런불량을받아기분이좋지않습니다
1595,배송빨랐어요 조아요 조아요
1596,일단플라스틱냄새가 넘나구요 회전할때삐그덕삐그덕소리가계속납니다 귀차나서그냥쓰는데 역시 싼게비지떡인가바요
1597,바람쎄기는괜찬치만 위아래기능없고 그닥 크지 않으며 안정감이 좀떨어짐
1598,아주아주 좋아요 신속하게 배송 빠르고 좋아요   
1599,생각보다 시끄럽더군요시원하긴 시원해요
1600,바람세기 굿 냄새가 나서 다시 분해해서 청소 해야할지 고민중
1601,물건 받고 상품에 스크레치가 심해서 리퍼제품인가 의심이 들 정도네요 싼 맛에 그냥 사용하지만 기분은 좋지가 않네요
1602,좀 작아보였으나 바람이 강하네요 아주만족합니다 배송도 빨랐어요
1604,잘받았습니다감사합니다
1605,종은데 좀 작아요 작아작아
1606,가격되비 성능이 좋습니다
1607,써큘레이트라 크기가 작고 앙증 맞아요
1608,마음에 들어요 추천합니다 감사합니다
1609,디자인 깔끔하고 이뻐요 바람도 시원하고 강합니다 다만 강풍일때 소음이 있어요 틀고 있을땐 모으는데 끄면 세상조용 그래도 잘땐 좋아요
1610,아쉽게도 타이머기능이읍네요
1611,가성비 좋아요 바람도 좋구요
1612,기능이간단해요 그래서더좋은듯 바람은꽤시원해요 쿠폰써서 가격도착하고 전반적으로 매우만족입니다
1613,좋습니다 조립도 쉬워요
1614,배송빠르고 바람시원하고 좋네요
1615,시원하고 좋아요 가격도 착하내요
1616,배송도 빠르고 상품도 만족합니다
1617,시원학 좋아요강력추천 드립니다
1618,작아서작은공간에사용하기좋아요 다만소믐이좀크네요
1619,단만해도 시원해요
1620,타이머가 없어서 브ㅡㄹ편
1621,ㄴㄱㅅ긋ㄱㅇㄱㅌㅂㅈㄱ
1622,너무 너무 좋아요
1623,전에 할인할때 하나 사서 좋아서 이번에 할인 또 하길래 샀어요 좋아요
1624,하나가격에두개득템바람도시워하고좋으네요
1625,가격대비 상품 너무 좋아요
1626,싸고나쁘지아는데좀작은것같아여
1627,성능 굿굿굿 입니다
1628,확실히바람이세네요저렴하게구매했어요
1629,아담합니다 성능도 좋고 소음 입니다
1630,작은데 강력해요 싸고
1631,직접 조립하는거네요가볍고 디자인 좋은디타이머가 없네요그래도 가격대비 만족합니다
1632,아무리 저렴하고 작다지만 부품들이 너무 뻑뻑해서 빼기도 끼우기도 힘들어요 쓰다보면 먼지끼어 세척해야하는데 이렇게 뻑뻑하면 어떻게쓰나요 사실꺼면 차라리 좀더주고 사시는게 낳을듯해요
1633,시원한 여름 기대합니다
1634,상품평보구 저렴하게 구입햇어요만족
1635,가성비최고입니다 작지만조용하고 시원함이 멀리까지 퍼져요
1636,벌써 개째 재구매를 했습니다 이 가격에 이런 상품 못사지요 적극 강추합니다
1637,가격대비 괜찮아요 타이머가 없는게 아쉽지만요
1638,가격도저령싸고 상품두굿
1639,다좋은데 타이머 없는게 아쉬워요
1640,딱 받고 크기가 그렇게 크지 않아서 걱정했는데 바람이 장난아니게 쎄요 ㅋㅋ 정말 시원해욜
1641,옷방에다 두고 쓰려구 산건데 사이즈도 적당한데 바람세기도 쎄더라구요 잘산거같아요
1642,작지만 시원하고 좋네요
1643,바람은 단이라도 엄청 쌔네여 단이 단 같음
1644,가성비 젛고 바람 너무너무 시원하고 작동이 잘 되요 짱 입니다
1645,아직 포장은 안풀러보앗지만 잘 산듯요 이쁘네요 배송도 음청 빠릅니다
1646,감사합니다 시원하고 좋아요
1647,선풍기랑은 차원이 다르네요 엄청 시원해요 타이머 없는것만 빼면 뭐 나무랄데가 없어요
1648,정말 시원해요
1649,좋은 재품 저렴 구입
1650,너무 시원하고 좋아요 감사히 잘 쓸께요
1651,마음에 들어요 감사합니다
1652,지난달에 하나 사고 괜찮아서 하나 더 샀습니다
1653,쎄일하길래 어서어서 샀어용
1654,바람이 아주 아주 시원하게 작동 잘 되네요
1655,가격대비너무좋아요 괜찮습니다
1656,작은데 바람이 쎄고 전 소음 괜찮은데요 여름에 에어컨과 같이 틀면 시원 할듯요
1657,잘받았습니다 빠른배송 감사합니다
1658,그저그래요
1659,조립도 간단하고 싼게 비지떡일 줄 알았는데 너무 좋네요
1660,가격대비 리모컨 선풍기가 나은것같아요
1661,작은데 멀리까지 시원해요
1662,빠른배송에 조립도 너무 쉽고 바람 완전 강하고 가성비갑이네요 청소때문에 항상 애먹었었는데 청소도 쉽고 완전 선택을 잘해서 기분이 좋네요 감사합니다
1663,시원하게 잘 쓸께요
1664,선풍기에 비해 작지만 성능은 쎈것이 너무 좋아요
1665,저렴한 가격에 좋은상품 빠른배송 받아서 감사합니다
1666,가격대비 기대안했는데 너무좋아요
1667,시원하네요 전에쓰던거버림
1668,사고픈거 착한가격에 잘구매해서 좋구 조립도 간단하구 좋네요
1669,시원하다못해 스마트하네요 좋아요 십일년만에 바꾸는데 너무좋아요
1670,일요일에 주문했는데 바로 발송돼서 월요일에 받아봤어요 바람세기도 세서 에어컨 바람이 안방까지 잘가네요
1671,너무 귀엽네요 각방에 하나씩 두고싶어요 쓰던거 고장나면 한개더 사려고합니다 좋은상품 저렴하게 판매해주셔서 감사합니다
1672,바람 어청 시원 합니다 조립할때 조금 애먹었지만 할만은합니다
1673,바람도 쎄고 가성비 좋네요
1674,팬소음은 약간있는편인데 파워짱짱함
1675,예쁘고 바람쌩쌩 한여름 잘 나겠어요
1676,카페에서 사용개구입했습니다
1677,앙증맞고 이쁘고 괜찮네요
1678,좋아요 가성비 좋아요
1679,가성비 좋아요 좋아요
1680,바람 시원하고 좋아요
1681,타이머기능은 당연히 있는 줄 반품하기엔 늦었고 브랜드만 보고 만족합니다
1682,작고 세련되고 예뻐요 
1683,배송도빠르고상품도맘에들어요
1684,가격대비 넘 시원하고 좋아요
1685,넘 시원해서 주의 사람들 소개해서 몇대나 샀어요
1686,시끄럽긴해도 시원해요
1688,작지만 바람 강합니다 타이머 없음 좌우로만 회전
1689,작지만 실속있어요 바람 세구요 디자인 이뻐요 약간의 소음 있어요
1690,하나 써보고 시원해서 하나 더샀어요
1691,시원하고 좋은데 좀 소리가 크네요
1692,대우라서 믿고샀어요
1693,바람 엄청 쎄여
1694,가격대비 시원해서 만족합니다
1695,가격대비 엄청 좋아요
1696,작은게 힘도좋네요ㅡ굿
1697,잘받았습니다 많이파세요 예쁘네요
1698,싼 가격에 잘 샀어요 굿굿굿
1699,한철쓰기위해구입
1700,작년에구입해서써보고시원해서올해한개더구매합니다단순한기능이오히려더좋은거같아요
1701,하나는나쓰고하나는딸줄려고구입했어요 조금만한게강하네요 잘구입한것같네요
1702,바람세기도좋고 조금만하게강하네요
1703,배송이빠르고 좋아요 엄청 쉬원해요 올여름 잘 나겠네여
1704,가격도 저렴하고 기능이 다소 부족하지만 만족하고 사용합니다
1705,만족해요 빠른배송 구웃
1706,성능배송만족 단 작동시 소음있음
1709,싸게 한철 쓰기 좋은듯 합니다
1710,아직사용전이지만좋은가격에좋은물건감사합니다
1711,사용해보니 소음도 적고 심플해서 좋아요
1712,싸서 구매했는데 소리가 너무큽니다 그리고 단이어도 바람이 너무 쎄네요
1713,대우 써큘레이터 스탠드 선풍기 좋아요
1714,가격착하고 너무 좋네요 배송이틀만에 도착 만족합니다 추천합니다
1715,배송이느리긴했지만맘에듭니다잘쓸께요
1716,저렴한가격에쿠폰써서더욱더싸게사고 너무좋으네요 에어컨이있어도선풍기도필요하네요 요즘같은날씨에는
1717,바람 시원하고 좋네요 배송 빨리왔어요
1718,소리가 좀커요 디자인이 이뻐요
1719,조립도 그렇게 어렵지도 않고 바람도 세고 시원하니 좋네오잘 쓸게요
1720,나고 생각보단 덜 시원해요
1721,아주 좋아요 진짜 바람 좋아요
1722,애들방에 딱인것 같아요
1724,저렴함 이상은 없습니다 냄새 심하고 타이머 없고 모터는 조용하다는데 일반 모터 입니다
1725,시원하고 아주좋네요 급하게샀는데 좋아요
1726,바람도쎄고 소음도 적어요 예쁘네요 잘쓸게요
1727,냄세가 좀나는데 소음은 없어요 가격대비 쓸만해용
1728,작은데 성능은 너무 좋아요 타이머가 없어서 조금 아쉽
1729,타이머 기능이 없어서 아쉬워요
1731,작고 강하고 여름에 필수품
1732,싸고잘되요 기본형이예요
1733,단계는 소음이 좀있지만 가격대비 만족합니다 바람도 세고 좋아요
1734,그럭저럭 사용하기 좋은데 타이머없는게 아쉬워요
1735,ㅅㄷㅅㄷㅇㄷㅇㄷㅇㅈㅇㄷㅇㅈ
1736,작은게 엄청 열일하네요 시원하고 진작에 샀어야하는 필수템입ㄴㅣ다
1737,시간 타이머가 있으면 좋겠어요
1738,아이들방에 하나씩놓고 쓰기 좋아요
1739,적당한 싸이즈로 공부방에 책상옆에 쓰기 좋아요
1740,역시 대우는 선풍기바람짱입니다
1741,성능좋네요 잘쓰겠습니다
1742,가성비 좋고 사용할만하다
1743,시원하긴한데 소비전력이 걱정이네요
1744,바닥이 울퉁불퉁 해서 제대로 세워지지 않음다시반품하고 받기 빡쳐서 그냥 냅둠비추 개비추선짧고 바람도 안쎄고
1745,가성비 짱 
1747,소음좀 있으나 가격대비좋아요
1748,마음에 드네요
1749,선풍기랑은 확실히 바람의양이 틀리네요 소음두 이정도면 괜찮아요 약간싼티는 나지만 가격이 저렴하니 용납은 되네요 잘산거같아요
1750,딱 물건값만큼 좋은거같아요
1751,가성비 최고예요 쿠폰받아 저렴하게 사서 더욱 만족합니다
1752,좋은상품 배송 빠릉다 진짜 오늘 너무
1753,디자인깔끔 시원하고 좋아요
1754,두번째 주문했는데 가격도 저렴하니 좋네요
1755,배송빠르고 좋아요
1756,크기는 작지만 바람이 쎄네요 바람 세기만큼 조금 시끄럽긴 하지만 만족합니다
1757,무게가 가벼워서 살짝 안정적이지 못한 것 같습니다
1759,작고 바람도 강하고 머리부분과 밑판부분이 작아서 좁은장소에서 괜찮아요
1760,너무 스크레치가 많고 재포장한느낌이라 고객센터에 질의해봤지만 그러한 미세스크레치는 구매자 배송비 부담 교환이라고 해서 안했습니다 만원 짜리라 참았지만 좀더 컨트롤에 신경써주시기 바랍니다
1761,아직 사용전이라 성능은 잘 모르겠지만 잘 받았습니다
1762,가격대비 상품이 우수합니다
1763,소음도 적고 디자인도 심플하네요
1764,잘받았어요 배송빠르네요
1765,좋아요 ㅋㅋ ㅋㅋㅋ
1767,잘쓰고 잇어요 시원해요
1768,조립도 간단하고 성능도 좋아요
1769,배송이 빠릅니다 
1770,사이즈도 아담하구 바람도 쎄구 너무 좋아요
1771,할인해서 딱 좋아요
1772,새제품인데 팬뚜껑이 자잘한 찢어짐이 있다는건 무슨 이유인지 짜증
1773,쿠폰으로 싸게 구입하구 성능 좋습니다
1774,터치식을 사용하다가 다이얼로 바꾸니 처음에는 헤멨는데 쓰기 좋아요
1775,터치로 사용하다가 다이얼이라 처음에는 헤멨는데 잘 쓰고 있어요
1776,만족 합니다 많이 파세요
1777,화이트 귀여워요 작지만 쎄요 리모컨없지만 괜차나요
1778,소리도 작고 조아용ㅎ
1779,싸게 샀는데 바람이 회오리같아요 올 한해만 쓰고 망가져도 돈 안아까울거같은 느낌
1780,진짜 바람도시원하고 디자인도깔끔해서 좋은데 타이머가없는게아쉬어요
1781,올여름시원하세보내려고구입
1782,좋아요 잘받았습니다
1786,직관적으로 쓰기에 편합니다 소리는 좀 있지만 여름에 에어컨 공기순환하기에는 최고일듯요
1787,조아요ㅡㅡㅡㅡㅡㅡㅡㅡㅡㅡㅡㅡ
1788,어휴 여자가 조립은 어렵더라구요 남편이 조립해서 가동하니 됩니다 선퉁기보다는 나은 듯 가격대비 그럭 저럭 니모콘 있는 것으로 또 구매해야 할 듯
1789,쿠폰써서 정말 싸게 샀구요 성능도 정말 좋아요 배송도 빠르고요
1790,이쁘네요 바람쐐기도 나쁘지않아요
1791,바람도쎄고 가격대비 만족합니다
1792,좋아요 만족합니다 수고하세요
1793,저렴한 가격에 구입했는데 가격 만큼 소음도 저에게는 좀 크네요
1794,허술해보이기는 하는데 그럭저럭 쓸만해요
1795,조립해서 틀었는데 바람최고
1796,좋아요 잘확인했습니다 감사합니다 ㅎㅎ
1797,우선 가성비가 좋고 소음도 적당합니다 타이머 기능이 없는건 아쉽지만 그외엔 만족스럽습니다
1798,소음은 있는 편인것 같고 사이즈가 아담해서 좋네요 조립은 그리 어렵지 않았고나사를 조일 때는 눕혀 놓고 해야 편하네요 회전 정지 각  있고 상하 목각도 조정 되네요
1799,많이 파세요 ㅋㅋ 좋아요
1800,저렴하고 너무 좋아요
1801,바람세기는 만족이요
1802,좋아요좋아요아주좋아요
1803,가격은 저렴하나 년 쓰고 금방 부셔질 것 같아요 플라스틱 제질이 탄탄하지 않아여 싼가격에 쓰실 분은 좋지만 오래 두고 쓰기엔 아니네요 바람 세기는 좋지만 타이머가 없어 아쉬워요
1804,혼자서 쓰는거 괜찮아요 귀여워 ㅋㅋㅋ ㅋㅋㅋ 소리도 별로없어서 더 줗아요
1805,바람은쎈데 시간타임이없네요 죽어라돌아가요 ㅋ ㅋ
1806,생각보다 소음도적고 시원합니다다만 타이머가안된다는점이조금
1807,조립 전 사용 전 입니다 맞게 왔겠지요
1808,좋은데 타이머 없는줄은 몰랐네여
1810,아 이가격에 완전 득템했어요 디자인도 맘에들고 선풍기보다 시원해요
1811,작년에 사용했던 선풍기는 고장나서 선풍기를 구매 할려고 보는데 착한가격의 써쿨레이터가 있어 바로 구매 했어요
1812,가성비 좋아서 개 샀어요 작고 바람도 쎄네요
1813,작고 기여워요 바람도 쎄네요
1814,조금 인치가 작긴 하지만 바랑세기와 가격대비 가성비 최고네요
1817,성능 좋아요 타이머가 없어서 아쉽지만 가성비 갑 입입니다
1818,에어컨을 안켜도 될 정도로 시원하고 좋네요
1819,소음도 크지안고단도 시원하네요추천
1820,가벼워서 바람도 약할줄 알았는데 강하네요 디자이도 예뻐요 타임없어 아쉽네요
1821,가격도 저렴하구 바람도 강하네요
1822,두개째 샀어요 아직 설치전이지만
1823,조아요 조아요 조아요 조아요 조아요 조아요 조아요 조아요 조아요 조아요
1824,조아요 조아요 조아요 조아요 조아요 조아요 조아요 조아요 조아요
1825,아주아주 좋아요 신속하게 하고요
1826,바람이 세고 타이머 없으나 회전을 가능
1827,가성비 좋아요 감사합니다
1828,나만그런건가 소음이 팬돌아가는 소음이아니고 각도안맞으면 나는 소음이 계속나는데 못쓰겟는데ㅜㅜ
1829,다만 조금작아요 올여름 잘써야죠
1830,저렴하게 잘 사용하고 있습니다바람도 완전 쎄네여 ㅋㅋ 감사합니다 
1831,아담한 선풍기가 왔네요조금 큰것 필요하신분은 이닌듯합니다좋네요
1832,이번엔 전선도 깔끔하고 조립도 잘되서 다행이에요 전에구매한교환처리건도 빨리 오게해주세요
1833,발로끌수가없어요 돌려서 꺼야해요 ㅠㅠ발로꺼야 편한데
1834,완전 만족해요 브랜드없는것도 이 가격보다는 비싼데ㅋㅋ 득템 했어요
1835,냄새가일은간듯 작은데엄청시원해요
1836,저렴하고 시원한데 소음은쫌잇네요
1837,일단 이틀간 냄새가 넘 심하게 났어요 냄새가 심하다보니 걱정도 좀 되더라고요 한 삼일 지나니까 괜찮아 지더라고요 시간 예약이 없다보니 좀 아쉽더라고요
1838,배송이 느려서 힘들었지만 상품은 만족해요
1839,처음에 냄새가 나지만 다른선풍기 보다 시원해요
1840,타이머가 없고 냄새가 많이 나요
1841,굿굿좋아욪굿근ㅅ굿굿
1842,바람도 쎄고 다 좋은데 냄새가 너무 심해서 속이 울렁거립니다한대 더사고 싶은데 냄새때문에 생각 중입니다언제쯤 냄새가 사라질지기계부분을 씻을수도 없고
1843,작지만 성능이 너무 좋아요
1844,작은데 왓죤 시원합니다 조립도 시워요
1845,작아서 첨엔 무시 근데 완죤 시원해요
1846,셔큐레이터 싸요 싸니깐 리모컨도 없구요
1847,다좋은데근디 두개주문해서 요건 단이되네요 반품하기구찬어 걍습니다
1848,조립하기도 쉽고모든면에서 굿입니다굿이에요
1849,에어컨 켜고 틀려고 샀어요 싸이즈가 작아서 첨엔 깜놀했는데 틀어보니 힘이 쎄네요 선풍기 보다 예뻐서 좋은데 선풍기로는 별로이니 기능생각하시고 구매하세요
1850,소리가 너무큽니다 동생공장에 쓰라고줬네요 가정용으로는 소리가 엄청큼니다
1851,작지만 파워가 세요 에어컨 바람이 잘 순환되는듯 해요
1852,아주 좋아요 만족합니다
1853,배송빠릅니다 고맙습니다
1854,선과 받침 연결하는데 조금 어려웟어요
1855,폭염에 작지만 기존 선풍기와는 다른 시원함에 하나더 구매했어요 
1856,바람이 쎄요
1857,성능은좋은데 선이짧아서 조금 불편해요 그리고 타이머 기능이 없으니 쫌 아쉽네요
1858,박송이빠르고상푸이매우좋아요
1859,저렴하게잘삿어요 선풍기보다는소음은좀잇어요
1860,바람이 너무 강하네요
1861,배송도 빠는데 바람이 진짜 시원해요 가격대비 완전 만족이요 수동이라 좀 불편 하기는 한데 엄청만촉입니다
1862,저렴하게 샀어요 잘 사용중입니다
1863,잘받았어요 며칠동안 냄새가 나네요
1864,좀 소리가 시끄럽네요
1866,타이머 없는건 그리 불편하지 않아요 오히려 바람도 쎄고 해서 좋아요 크기도 작아서 가볍고 이번에 두개를 구매했는데 친정에 하나 더 구매해서 드릴까 생각중이예요 
1867,주말부부라서 작년에 주문해서 사용 해 보고 좋아서 다시 구매했어요
1868,크기는 작지만 바람이 세고 소음도 그닥 크지않아 좋아요
1869,바람이 야무지게 쎄네요 아쉬운건 좌우 회전이 안되서 아쉽지만 그런데로 쓸만합니다
1870,잘받았습니다 공기순환 짱이에요
1871,그닥 시원하지 않아오ㅡ
1872,날개 지름 크기에 비해 성능이 좋네요 약간 소음이 있긴 하고요 매우 조용한 곳이나 소리 민감한분 빼고는 추천입니다
1873,좋아용 좋아용 번창하세요
1874,바람 시원하고 좋아요 작동도 편리하고 높이도 좋아요 단 타이머 기능이 없어서 아쉽네요
1875,시골집 보내드렸어요 바람 짱짱 좋습니다
1876,좋아요배송도빠르고좋네요 또구매할께요아이들이너무좋아하네요 
1877,작동할때 소음 있고 전선타는거같은 냄새가 좀 나는데 시원해요 선풍기랑 뭐가 다른가 하다가도 선풍기 안사고 써큘레이터 사게되네요
1878,총알배송입니다 싸고좋습니다 잘쓸게요
1879,다 좋은데 타이머가 없어요ㅎㅎ 확인하고 구매하세요 나머진 좋아요
1880,장점  다소 저렴한 가격 바람이 쎄고 시원 디자인 깔끔 단점  모터나 기름 냄새 바람 소음 무지 큼 파손에 주의전체가 플라스틱
1881,빠르게 보내주셔서 감사합니다 타이머 기능은 없으니 잘보시고 구입하면 좋을듯요
1882,걍쓸께요 대우라믿고샀는데 ㅜㅜ 바람은잘돌아갑니당
1883,조립도 어렵지 않았어요 십자드라이버만 있으면 됩니다
1884,추가로 하나더구입행ㅎ어요
1885,생각보다 크기를 적당 해서괜찮아요
1886,바람은쎄긴하나 시끄럽고 일반써큐 회전기능도없고 선풍기보다바람쎈 비추입니다
1887,적극 추천 합니다 
1888,모양은 작으나 예쁘고 앙증 맞아요 그러나 성능은 참 좋아요
1889,가볍고 외형도 깔끔하고 성능도 좋아요
1890,디쟌이며바람세기가격대비 대만족입니다
1891,잘받았습니다 감사합니다 대우라 믿고 구매했어요저렴하니 좋아요 
1893,두번째 구매 바람 쌔고 넘 좋네요
1894,방안에서 사용하니 새제품이라 그런가 탄 냄새가 나요
1895,새제품이라 그런가 사용하다보면 일산화 탄 냄새가나요
1896,작지만 강하고 이뻐요
1898,배송 빠르구요 작은데 바람은 엄청쎄요 가성비 최고임니당
1899,저럼하게 잘샀습니다
1900,생각보다 저렴하고도 성능도 준수하네요
1901,좋네요 감사합니다 잘쓸게요
1902,배송은 빨랐구요세번째구매입니당 역시 좋아요바람 완전세요
1903,저렴하게 샀네요 좋아요
1904,좋아요 굿바람 세기두 좋고 회전두많이 되고 조용하니 쿠폰 받고 싸게 구입잘했어요
1905,선풍기 바람쎄고 소음두적고 아주 가격대비 좋아요 타이머가 없어서 좀 불편함은 있는데 두개 구매해서 씀 니다
1906,빠른 배송으로 만족했는데 플라스틱 냄새가 심하게 나네요 한두시간 켜놔서 해결될것 같지는 않네요 구매에 참고하세요
1907,소음은 좀 있어요
1908,가격 대비 괜찮습니다바람세기 단 조절 되고 회전도 됩니다 다만 리모컨이 없는 점은 아쉽네요
1909,다좋은데 단은 안되네요 걍쓸람니다
1910,바람쎄고 좋아요 선풍기보다 훨씬 쎄요
1911,냄새가 너무 심하고 어릴때 학교 앞 문방구에서 파는 장남감 같이 며칠 사용하고 
1912,써큘레이터 마련했어요 좋아요
1913,배송이 완전 빠름니다 선풍기 나름 괜찮아요
1914,폭염대비로 하나더 장만했습니다
1915,가격만큼 쓸만해요
1916,소리도적고시원합니다
1917,분실되지 않게 주의 하라는 안전망 고정스크류는 여기저기 비닐을 살펴보아도 없어요 하나 더 주문했는데 거기도 없으면 진짜 화날거 같아요 일단 조립은 됐는데 작고 아담하고 소리는 크지 않아 좋아요 고정스크류 없어서 적극추천 말고 추천 눌렀네요ㅜ 선풍기에 손잡이가 따로 없어서 헤드를 들어 옮겨야 할텐데 고정스크류가 없어서 망이 분리될까봐 걱정이네요ㅜ 다른 소비자에겐 꼭 보내기전 검수 바랍니다
