,url,title
0,https://blog.naver.com/qufzhd12/222703896742,강남 역삼 맛집 나이티지 장작구이 치킨에 반한 곳
1,https://blog.naver.com/lovelove_pyo/222670071525,[역삼] 모도우 강남N점 : 역삼 맛집 프라이빗 룸식당에서 한우...
2,https://blog.naver.com/1ovest/222659402359,역삼맛집 + 수제버거 캐스터네츠 메뉴 꿀팁 강남N타워
3,https://blog.naver.com/yase90/222688624578,[역삼역 맛집] 캐스터네츠 강남N점 - 강남 수제버거 맛집
4,https://blog.naver.com/kooltz1018/222742195310,역삼역 맛집 [더뭉티기] 불금에 안성맞춤
5,https://blog.naver.com/luxygirl77/222670088253,[역삼역맛집]이영자 전참시 맛집 차돌삼합진대감역삼점 솔직후기
6,https://blog.naver.com/darkyoon85/222671568071,역삼 맛집 수제버거가 맛있었던 캐스터네츠 CASTANETS
7,https://blog.naver.com/hjy800911/222682144141,[역삼동] 모도우 - 프라이빗하니 모임하기 좋은 역삼 맛집
8,https://blog.naver.com/rlacofls63/222721084727,역삼 맛집 타코벨신메뉴 멕시칸 브레드 타코 먹어봐요!
9,https://blog.naver.com/ccamjigi77/222742982081,역삼 맛집 강남 룸식당 모도우 디너
10,https://blog.naver.com/qwer0124/222708793758,역삼 맛집으로 추천하는 강남 수제버거 - 캐스터네츠
11,https://blog.naver.com/sunna434/222682429098,강남 역삼 맛집 파스타 데이트코스 나이티지 로맨틱해
12,https://blog.naver.com/nahe0904/222706555783,서울 수제버거 맛집 역삼 맛집 캐스터네츠 인생버거 등극
13,https://blog.naver.com/ckacka1024/222739698250,역삼맛집 짬뽕지존 지존짬뽕 먹었어요
14,https://blog.naver.com/dbrvh123/222712974599,강남 수제버거 역삼 맛집 캐스터네츠 강남N점
15,https://blog.naver.com/guccilauren/222684130246,[역삼 맛집]프라이빗 룸식당 한우 찐맛집 모도우 강남N점
16,https://blog.naver.com/okjoa012/222721189070,강남 룸식당 강남 한우맛집 역삼 맛집 강남 회식하기 좋은...
17,https://blog.naver.com/ekdlschl/222734163023,"서울 강남, 역삼 수제버거 맛집_새로 오픈한 캐스터네츠 강남N점"
18,https://blog.naver.com/yeojin0501/222703613589,"숙성 돼지고기 맛집 룸 방문후기, 역삼 돝고기506"
19,https://blog.naver.com/kmy000403/222686402860,역삼역샐러드 마치래빗 강남비건맛집
20,https://blog.naver.com/lyiy4/222719525826,역삼 맛집 신동궁감자탕뼈숯불구이
21,https://blog.naver.com/luxygirl77/222668026088,[역삼맛집]역삼동삼겹살 화덕고깃간역삼본점
22,https://blog.naver.com/kangsm1998/222741041750,다시 간 이영자 역삼동맛집 돝고기506-역삼역 회식
23,https://blog.naver.com/sensenlebo/222735554705,역삼 맛집 정갈했던 모도우 강남
24,https://blog.naver.com/pih870318/222656114132,역삼역 샐러드 맛집 포케 맛있는 샐러드타임즈
25,https://blog.naver.com/qwer0124/222702075537,차돌삼합 맛집 - 역삼 진대감
26,https://blog.naver.com/notsul/222705939689,강남 수제버거 역삼 맛집 캐스터네츠 강남N점
27,https://blog.naver.com/hoonyhoon22/222719492610,역삼 맛집 모도우 한우 요리를 즐기다
28,https://blog.naver.com/soqhr20/222708018204,[역삼 맛집] 강남 수제버거 캐스터네츠 강남N점 후기
29,https://blog.naver.com/dbflsdl91/222723566598,[강남/역삼] 프라이빗한 강남 룸식당 역삼맛집 모도우 강남N점
30,https://blog.naver.com/llleyj/222660406341,역삼 센터필드 맛집 대게배달 헬로크랩
31,https://blog.naver.com/visavis86/222724995181,역삼 맛집 모도우 강남N점 디너B코스 한우 냠냠
32,https://blog.naver.com/skylights2/222712637028,강남 수제버거 캐스터네츠 강남N점 역삼 맛집이야
33,https://blog.naver.com/ha__nna/222668205950,역삼디저트 맛집 <빠띠스리크로스비> ::네추럴와인샵...
34,https://blog.naver.com/sy900523/222720474339,강남 수제버거 역삼 맛집 캐스터네츠 강남N점!
35,https://blog.naver.com/x1472/222720660129,역삼 점심 맛집 한번 오면 무조건 반해
36,https://blog.naver.com/maysgirl/222684768968,서울 역삼 수제버거 맛집 캐스터네츠 강남N점
37,https://blog.naver.com/kmm900/222741531527,역삼소고기맛집 '라비옥' 살살 녹았던 눈꽃진갈비로스구이
38,https://blog.naver.com/miwako1212/222727870822,역삼 맛집 모도우 삼성점 디너코스방문후기
39,https://blog.naver.com/qwer0124/222711079816,역삼 냉면 맛집 - 평가옥 평양냉면 추천
40,https://blog.naver.com/junjuly4/222731675433,맛있는 서울 데이트 코스 역삼맛집
41,https://blog.naver.com/hongteaho/222732766459,역삼 맛집 강남 수제버거 캐스터네츠 강남N점
42,https://blog.naver.com/cutejun01/222719683148,역삼 맛집 강강술래 회식하기 좋고 가족식사 추천이예요!
43,https://blog.naver.com/redcherry88/222677748832,"역삼 맛집으로 소문난 강남 수제버거, 캐스터네츠 강남N점"
44,https://blog.naver.com/mary_zzine/222742849113,"역삼맛집, 부산아지매국밥 먹고 유사나 본사 로컬 다녀왔어요"
45,https://blog.naver.com/phjsunflower/222717768652,역삼역 맛집 / 소갈비구이 우륵
46,https://blog.naver.com/6kdud6/222716274210,"[역삼,강남]강남 한우맛집 강남 룸식당 추천' 모도우 강남N점 '"
47,https://blog.naver.com/jja2896/222739716416,[역삼역] 강남 수제버거 맛집 캐스터네츠 강남n점 저녁식사로...
48,https://blog.naver.com/jejechu/222731640835,역삼 직장인 점심 맛집 투어 3탄 고갯마루 닭볶음탕
49,https://blog.naver.com/dks6443/222705618328,강남 수제버거 캐스터네츠 역삼 맛집일세
50,https://blog.naver.com/eblouissant_/222670155323,[신라스테이 역삼 맛집]헬로크랩 강남점 랍스터 대게...
51,https://blog.naver.com/photoharu/222743143476,역삼 맛집ㅣ캐쥬얼한 강남 수제버거 캐스터네츠
52,https://blog.naver.com/ladpiano/222686814844,역삼 맛집 정갈하고 든든해서 좋은 솥밥
53,https://blog.naver.com/hj1231k/222722114241,역삼 맛집/ 강남 맛집 :: 모도우 강남N점
54,https://blog.naver.com/dogguthird/222702995688,[역삼 맛집] 점심으로 혼밥하기에도 좋은 원조감자탕 일미집...
55,https://blog.naver.com/winterwind19/222728447173,역삼역 고기집 - 냉삼 키조개삼합 맛집 랭돈
56,https://blog.naver.com/sewing9233/222721871765,어린이날 생일기념 역삼맛집 모도우
57,https://blog.naver.com/jsvlar/222720011735,역삼역 맛집 역삼 맛집 바게트케이 바게트K 바게트 맛집
58,https://blog.naver.com/babbydragon/222689351155,역삼 맛집 캐스터네츠 강남N점 :: JMT 강남 수제버거
59,https://blog.naver.com/gksmftdrhd/222728585190,"고퀄리티 수제버거 역삼 맛집 ""캐스터네츠"" 강남N점"
60,https://blog.naver.com/jejechu/222686473353,강남 스페인요리 제대로 맛볼 수 있는 역삼 맛집 트라가 역삼점
61,https://blog.naver.com/dogguthird/222718342328,역삼역 맛집이라고 하기 조금 어려운 누들톡에서...
62,https://blog.naver.com/kmy000403/222693690338,강남맛집 테이블스 역삼베이커리 추천
63,https://blog.naver.com/ksi54/222742837785,역삼동 맛집 역삼역 고기집 추천 세겹
64,https://blog.naver.com/hiriofficial/222727315561,ღ캐스터네츠 강남N점_강남 수제버거 맛집 / 역삼 맛집ღ
65,https://blog.naver.com/silverg0218/222741568172,309.[역삼] 스페인 음식점 트라가 역삼역맛집 으로
66,https://blog.naver.com/hoperecipe/222686944590,강남 수제버거 서울 역삼 맛집 캐스터네츠 강남N점 새로운...
67,https://blog.naver.com/bryjia/222662228633,"역삼 샐러드 맛집, 든든하고 맛있는 샐러드 타임즈"
68,https://blog.naver.com/sunna434/222662987642,만족스런 강남 역삼역 맛집 소고기 코스요리
69,https://blog.naver.com/luxygirl77/222738199620,[역삼역맛집]갈비탕맛집 갈비다움 매운갈비찜도 있어요
70,https://blog.naver.com/bosughom88/222660951165,역삼 맛집/선릉역 양대창맛집하면 별양집이죠~ 몇년째 찾는...
71,https://blog.naver.com/jihye0212/222723093231,강남 수제버거 / 역삼 맛집 캐스터네츠 다녀옴!
72,https://blog.naver.com/merrishop/222674651386,역삼역 돈육지존 이영자맛집 수제 뼈삼겹살
73,https://blog.naver.com/duthe/222737694408,역삼역 맛집 / 더뭉티기 : 뭉티기(小) 선지해장국
74,https://blog.naver.com/hinoon555/222738414563,⭐강남ㅣ역삼 맛집 <밥밥디라라 역삼본점> 방문 후기⭐
75,https://blog.naver.com/luxygirl77/222726292138,[역삼동맛집]역삼삼겹살맛집 두껍삼 소문만큼 맛나네요
76,https://blog.naver.com/guccilauren/222735591270,[강남역 맛집]역삼역 고기집 소갈비 전문점 우륵
77,https://blog.naver.com/dadada832/222683663476,역삼역맛집 역삼냉삼맛집 ‘대파집’/다킷리스트_D's...
78,https://blog.naver.com/j_eunkim/222717714583,[ 역삼 런치] 워커힐호텔출신... 선릉스키야키맛집 우미돈
79,https://blog.naver.com/gpwl4444/222723737055,비진도 해물뚝배기 :: 아는 사람만 아는 역삼 맛집 in 역삼역
80,https://blog.naver.com/thisknife/222677262041,[강남 수제버거/역삼 맛집] 캐스터네츠 강남N점
81,https://blog.naver.com/dogguthird/222725766292,역삼 맛집 싸다김밥에서 점심으로 해장하고 온 후기
82,https://blog.naver.com/tnsdud71/222704487399,역삼맛집 고갯마루 닭볶음탕 볶음밥까지
83,https://blog.naver.com/yeojin0501/222706731680,역삼에서 만난 꼬막비빔밥 맛집! 강릉 엄지네 꼬막집
84,https://blog.naver.com/dogguthird/222701421320,역삼 맛집 라비옥에서 갈비 덮밥 점심으로 먹은 찐후기
85,https://blog.naver.com/celine324/222712281996,강남 수제버거는 역삼 맛집 캐스터네츠 강남N점에서!
86,https://blog.naver.com/dkjang86/222718145169,[파크루안/역삼] 깔끔한 코스요리가 훌륭한 중식맛집
87,https://blog.naver.com/mary_zzine/222715717966,"유사나 본사 로컬 방문기 (feat. 역삼맛집, 이도곰탕)"
88,https://blog.naver.com/j_eunkim/222726401764,[ 역삼 맛집 ] 강남 수제버거 캐스터네츠 강남N점
89,https://blog.naver.com/loving8792/222713445193,역삼맛집 맘스터치 모코코 생일파티세트 먹고 피규어 3종 다...
90,https://blog.naver.com/irenesumi/222734436285,역삼골프피티 RF트레이닝스튜디오 (역삼맛집 바게트k...
91,https://blog.naver.com/wj2796/222691474371,강남역 맛집 서울 강남 주말 데이트 추천 역삼역 맛집 핫플!
92,https://blog.naver.com/hellofany11/222701628591,[나이티지] 강남 역삼 맛집 | 강남역 맛집 | 강남역 데이트...
93,https://blog.naver.com/8sarah1004/222737820601,강남 역삼 맛집 / 스키야키 맛집 진가와 스키야끼 우동 나베 정식
94,https://blog.naver.com/msunh/222705660681,역삼카페 '카페드보네르' 역삼디저트 맛집
95,https://blog.naver.com/unchanging_on/222710314843,역삼 갈비맛집 [역삼갈비] 갈비 먹고싶어 일부러 찾아간...
96,https://blog.naver.com/qde78/222719463292,역삼맛집 - 이탈리안레스토랑 브런치 알타쿠치나 by 녁
97,https://blog.naver.com/dkjang86/222699692179,[대우부대찌개 강남본점/역삼역] 수요미식회 부대찌개 맛집
98,https://blog.naver.com/tjsghd1991/222729127786,[역삼역 맛집] 역삼역 샐러드 혼밥 맛집 추천! 건강한 점심 시간...
99,https://blog.naver.com/yeojin0501/222730462199,"역삼 맛집 갈비다움, 점심으로 깔끔하고 맛있는 갈비탕"
100,https://blog.naver.com/dogguthird/222664411537,와플칸 역삼점 : 강남 역삼 디저트 맛집 추천
101,https://blog.naver.com/luxygirl77/222723910332,[역삼역맛집]시스터후드 송추가마골인어반강남점 포스코타워...
102,https://blog.naver.com/gywls2708/222693007615,역삼 맛집 캐스터네츠에서 강남 수제버거 먹기
103,https://blog.naver.com/suzan45/222685282137,역삼/강남 브런치 맛집 무슈벤자민 서울 후기
104,https://blog.naver.com/dkjang86/222674843578,[중식당 싱카이/역삼] 깔끔한 중식 맛집
105,https://blog.naver.com/grb_080913/222697987586,"역삼역 맛집 <진가와> 한국본점, 분위기 좋은 역삼역 이자카야"
106,https://blog.naver.com/thdwndus10/222664706180,역삼역 맛집 지아니스나폴리 화덕피자 추천 주차
107,https://blog.naver.com/luckywls92/222689094547,[역삼 맛집] 강남 한우 맛집 모도우
108,https://blog.naver.com/ly3434ly/222741945158,"역삼맛집, 쿠팡이츠로 광장시장 맛집을 강남에서! '진주육회'"
109,https://blog.naver.com/jihyeon7851/222680739913,역삼역 삼겹살 맛집 돝고기 506(★★★★☆)
110,https://blog.naver.com/dogguthird/222682422276,역삼 맛집 : 떡군이네 떡볶이 로제떡볶이가 짱 맛있다
111,https://blog.naver.com/kba7628/222713772436,[역삼맛집] '갈비삼대' 역삼역 돼지갈비맛집. 한자리에서 오래...
112,https://blog.naver.com/u_clarity/222735079677,수제버거 캐스터네츠 강남N점 특별한 치킨 꽈리버거 역삼 맛집
113,https://blog.naver.com/jasminedream/222690489451,강남 수제버거 캐스터네츠 강남N점 역삼 맛집 방문 후기
114,https://blog.naver.com/mvpno/222703879664,220415 서울 수제버거 맛집 역삼 맛집 캐스터네츠 버거 강남n점
115,https://blog.naver.com/thormommy/222709584051,역삼맛집 / 강남 수제버거 / 캐스터네츠 강남N점
116,https://blog.naver.com/sunnyasz94/222736261542,역삼역 브런치 맛집 카페 413 프로젝트
117,https://blog.naver.com/belovedhana/222707072299,"강남 역삼역맛집, 수제버거의 끝판왕 육즙팡팡 터지는..."
118,https://blog.naver.com/ajirengee/222740335817,"[역삼 점심] 돼지고기 김치찌개 맛집, 장호왕곱창!"
119,https://blog.naver.com/asteroid6/222743808874,"강남 수제버거 : 캐스터네츠 강남N점, 역삼 맛집"
120,https://blog.naver.com/dogguthird/222671469696,[역삼 맛집] 만땅스시 역삼점 내돈내산
121,https://blog.naver.com/rjy0325/222710971102,"[강남역,역삼역] 소고기 맛집, 데이트 장소 추천 ‘서울로인’..."
122,https://blog.naver.com/dltlgns114/222693158012,역삼역 해산물 맛집 비진도해물뚝배기
123,https://blog.naver.com/yeeun819/222706080424,[역삼 맛집 추천] 프라이빗하고 편안한 한식 파인다이닝...
124,https://blog.naver.com/ddongddong118/222720178537,서울 수제버거 맛집 역삼 맛집 캐스터네츠 강남N점 -쉑쉑말고...
125,https://blog.naver.com/myqnamyqna/222719694397,타코벨신메뉴 출시! 타코벨 역삼맛집 맵시칸!
126,https://blog.naver.com/ggyu4644/222742159617,서울 밀면 맛집 역삼역 회식장소 서울로인
127,https://blog.naver.com/dogguthird/222666976858,[강남/역삼 맛집] 밥밥디라라
128,https://blog.naver.com/jungsun0306/222694426646,강남 수제버거 캐스터네츠 강남N점 새로운 역삼맛집 추천
129,https://blog.naver.com/chuchus1216/222687612956,역삼 이도곰탕 - 든든한 서울 곰탕 맛집 #3
130,https://blog.naver.com/daon77/222732550524,선릉 역삼 얼그레이 하이볼 맛집 우미돈 : 디너 우미 세트
131,https://blog.naver.com/95msmouce/222698555841,역삼 맛집 JS가든 센터필드점 디너 코스
132,https://blog.naver.com/dogguthird/222659727897,듀크버거 : 강남 역삼 수제버거 맛집 분위기 예쁨
133,https://blog.naver.com/vivaceren/222683122162,역삼 맛집 :: 캐스터네츠 강남 수제버거
134,https://blog.naver.com/abhoon69/222663090389,행복했던 역삼역맛집
135,https://blog.naver.com/21qhdud/222707461282,[ 역삼맛집 ] 선릉맛집 신동궁감자탕 뼈숯불구이
136,https://blog.naver.com/i_believe28/222697921258,[역삼 맛집] 가츠가게 :: 다양한 소스와 조합하는 돈까스 ෆ...
137,https://blog.naver.com/dayun88/222738126241,[강남맛집 역삼맛집 조선팰리스지하] 퓨전중식당 차알
138,https://blog.naver.com/garistia/222673331696,[서울 강남구] 진심으로 추천하는 강남 역삼 곱창맛집
139,https://blog.naver.com/perfect62/222688081741,강남 수제버거 캐스터네츠 역삼 맛집 새우버거 꼭 머거..
140,https://blog.naver.com/tjsghd1991/222720040855,[강남비건] 역삼역샐러드 맛집 마치래빗 샐러드
141,https://blog.naver.com/persence/222696942850,[역삼 센터필드 맛집/ 라멘] 베라보 - 뉴 힙플레이스 센터필드의...
142,https://blog.naver.com/heeri1212/222728953148,"솥밥주는 국밥맛집, 곰작골 나주곰탕 역삼초교점..."
143,https://blog.naver.com/faugh08/222741889069,강남 수제버거 찐으로 맛있는 역삼 맛집 : 캐스터네츠
144,https://blog.naver.com/house5213/222662211738,역삼 한우 맛집 꽃등심 끝내주는 바우한우!
145,https://blog.naver.com/jeehyun614/222680493837,역삼 맛집 :: 모도우 강남 N점 (강남 룸식당)
146,https://blog.naver.com/dkjang86/222691063636,[모토이시/역삼역] 다양한 부위의 소고기를 즐길 수 있는 맛집
147,https://blog.naver.com/ccamjigi77/222733583257,역삼역 맛집 오발탄 말해뭐해!
148,https://blog.naver.com/ksh1992001/222739033229,역삼 브런치와 케이크 맛집 <카페413프로젝트> #내돈내산...
149,https://blog.naver.com/kba7628/222725212464,[역삼맛집] '멘야유메미루' 직장인 점심 한끼 마제메시로 해결~
150,https://blog.naver.com/yunsunga07/222661141877,역삼 한우 맛집 강남 룸식당 모도우 강남N점
151,https://blog.naver.com/garistia/222732559697,[서울 강남구] 역삼역삼겹살맛집 하몽하몽 이베리코 흑돼지...
152,https://blog.naver.com/luckywls92/222680446468,"[강남, 역삼 맛집] 서울 수제버거 맛집 캐스터네츠"
153,https://blog.naver.com/darkyoon85/222664015570,역삼역 샐러드 맛집 샐러드타임즈에서 키토 샐러드로 건강하게
154,https://blog.naver.com/sun8774/222666167364,가츠가게 역삼 맛집 오늘 점심 뭐 먹지?
155,https://blog.naver.com/dogguthird/222657380767,엽기떡볶이 로제떡볶이 먹은 후기 : 강남 역삼 맛집
156,https://blog.naver.com/freemeadow/222721244266,역삼역 돼지갈비 맛집 갈비삼대
157,https://blog.naver.com/o0z_z0o/222667469738,콜키지프리 강남 룸식당/역삼 맛집 모도우 강남N점
158,https://blog.naver.com/dltlgns114/222723681911,역삼역 고기집 강남 돼지갈비 맛집 갈비삼대
159,https://blog.naver.com/behappy0486/222737393483,역삼맛집 캐스터네츠 수제버거
160,https://blog.naver.com/jejechu/222711356013,역삼 직장인 점심 맛집 투어 대우부대찌개
161,https://blog.naver.com/sister032113/222667771279,강남 브런치 맛집: 역삼 빌즈 팬케이크 브런치
162,https://blog.naver.com/meinjess/222669494362,역삼 맛집 '캐스터네츠' 강남 수제버거 맛있는 곳
163,https://blog.naver.com/rnjscl12/222704086017,역삼역 캐스터네츠 강남 수제버거 맛집 후기
164,https://blog.naver.com/luuluu228/222731035562,역삼역 한우++ 국수전골 ‘레드마블하우스’ 프라이빗 룸 맛집
165,https://blog.naver.com/yahdd10044/222658823239,*강남 수제버거 / 역삼 맛집 추천* 재료가 신선한 수제버거...
166,https://blog.naver.com/tjsghd1991/222713719001,[역삼역 횟집] 회식추천 해물모듬 맛집 마린3스토리
167,https://blog.naver.com/paperplate/222656510072,강남 룸식당 추천 모도우 런치 : 역삼 한우맛집
168,https://blog.naver.com/boram1646/222714954910,역삼 맛집 | 강남 회식 장소로 좋은 '모도우' 디너 b코스
169,https://blog.naver.com/jejechu/222714867057,역삼역고기집 직장인 점심 삼겹살 먹고 온 역삼역맛집 인생육반
170,https://blog.naver.com/minju484/222690471724,역삼역 근처 내추럴 와인이... 알타쿠치나 by 녁 #역삼맛집
171,https://blog.naver.com/khretail/222682707230,【역삼/ 강남 맛집】 서울수제버거맛집 캐스터네츠버거 강남N점
172,https://blog.naver.com/leeb000/222710175950,역삼역 맛집 / 뱃살도둑 역삼점 / 역삼 샐러드 찾으신다면 여기!
173,https://blog.naver.com/chachan85/222742701506,역삼 맛집 강남 수제버거 캐스터네츠 강남N점 퀄리티최고
174,https://blog.naver.com/bongja814/222655828926,역삼 맛집@캐스터네츠(castanets) 강남 수제버거 맛집이네♥
175,https://blog.naver.com/1008bha/222736389924,[맛집] 역삼 센터필드 맛집 ‘차알 역삼존’ 자극적이고 맛있는...
176,https://blog.naver.com/daon77/222659193017,서울 수제버거 맛집... 그리고 애플민트 플로트 (Feat.역삼맛집)
177,https://blog.naver.com/limchoi1027/222741214368,"역삼육회/역삼맛집추천, 진주육회역삼점"
178,https://blog.naver.com/mizko/222729619727,"[역삼역 맛집] 마라탕, 마라샹궈 맛집: 마라공방 역삼점..."
179,https://blog.naver.com/yewori/222737707037,대구에서 뭉티기 놉~~~ 역삼역 맛집 더 뭉티기에서 뭉티기...
