,title,nickname,datetime,content
0,강남 역삼 맛집 나이티지 장작구이 치킨에 반한 곳,두덩두덩,2022. 4. 19. 9:00,"안녕하세요! 두덩입니다~
오늘은 강남 역삼 맛집을 소개하려고 합니다.
분위기며 음식 맛이며 재방문율이 높은 나이티지라는 곳인데요!
저도 이미 예전에 장작구이 치킨을 맛있게 먹은
기억이 있어서 이번에 대학교 친구를 데리고 또 왔습니다 ㅎㅎ 여러분들은 통닭 하면 무엇이 떠오르시나요?
저는 어릴 때 아빠가 가끔 집 근처에 오는
전기구이 통닭을 사 오시면 가족들과 맛있게 먹은
추억이 떠올라요.
전기구이 특유의 부드러움과
닭 속의 각종 약재들의 향이 베어 있는 밥..!
이곳에서는 어린 시절 추억과 함께 색다른 조합을
맛볼 수 있는 곳이라 자꾸만 떠오르는 것 같아요~ 신분당선 4번 출구에서 도보 5분 정도 거리에
위치해 있어서 약속 잡기에 접근성도 매우 좋습니다!
이날은 결혼하는 친구와의 약속이었어용
대부분 이쪽 동네에 오면 술집이나 카페가 모여 있는
10번 혹은 11번 출구로 많이 나가는데,
4번 출구 쪽에도 은근 뭐가 많아요~ 강남 역삼 맛집으로는 이미 많은 여심을 홀린
나이티지입니다!
매장 바로 앞에는 저희가 먹을 장작구이 치킨이
맛있게 돌아가고 있었는데요.
참나무 장작구이로 구워 더욱 향기 좋고 부드러운
치킨을 맛볼 수 있답니다 ㅎㅎ 찾아오는 것도 어렵지 않으니,
다음 술 약속은 이곳 어떠신가요?!
영업시간은
매일 14:00 - 00:00 그리고 입구에서부터 느껴지는 중세시대의 분위기!
여기가 상호명의 뜻이 기사단이라고 하는데,
그 시대의 감성을 그대로 녹여 유니크함과 함께
로맨틱함을 동시에 느낄 수 있는 곳이에요. 매장 안으로 들어가면 더욱 분위기가 남다른데요.
전체적으로 우드 가구들과,
곳곳에 무드 있게 타오 있는 촛불들.
벽면은 돌담벽으로 되어 있어서 웅장하면서도
고풍스러운 느낌이 났습니다!
데이트 장소로도 딱 좋을 분위기죠? 저와 친구는 어디를 앉을까 하다가
저번에 자리가 없어서 앉지 못했던
야외 감성의 테이블로 자리를 잡았습니다.
강남 역삼 맛집이라 저녁시간에는 손님이 많아져서
이번에는 나이티지에 조금 이른 저녁 시간에 왔어요 ㅎㅎ
이날 날씨가 선선해서 뭔가 야외 감성으로 
식사를 하고 싶었는데, 여기가 완전히 외부는 아니어도
나름 그 분위기가 있어서 좋거든요! 자리를 잡고 메뉴판을 살펴봤습니다!
저는 이미 한번 와본 곳이라
군침이 벌써부터 돌더라구요..
이곳의 대표 메뉴는 장작구이 치킨입니다~
특히 닭과 함께 파스타+리조또를 함께 먹을 수 있는
시즌2의 메뉴도 이곳의 인기 메뉴인데요.
3가지 음식을 한 번에 즐길 수 있으니 가성비는 말해 모해요~ 여러 명이서 오면 비주얼 대박적인
플래터 메뉴도 정말 좋을 것 같습니다~
매장이 비교적 넉넉한 규모라서 100인 정도 수용이
가능하다고 하니 회식이나 단체 모임에
딱 좋을 것 같아요!! 단품 파스타, 필라프 리조또도 시킬 수 있구요!
강남 역삼 맛집답게 사이드로 즐길 수 있는
샐러드, 떡볶이, 튀김, 소시지 등
나이티지 메뉴 구성이 정말 알차고 다양했어요! 메뉴 구성만큼 다양했던 주류와 음료들.
소주 맥주는 물론, 모히또와 와인, 위스키까지.
정말 없는 게 없더라구여~
술을 못 먹는 사람들을 위한 일반 카페 음료들까지 있어서
더욱 만족스러웠던 곳입니다 :D SNS 이벤트도 진행 중에 있으니
무료로 생맥 얻어먹기!!
여기 생맥에 살얼음을 얹어 주시는데,
진짜 시원해요~ 주문 후 곧바로 세팅을 해주시는 5종 소스와 피클.
여기 접시와 포크, 수저들도 모두 컨셉에
정말 잘 어울리지 않나요?
이런 센스 하나하나가 디테일한 게 느껴졌어요. 소스는 일반 양념과 와사비 마요,
매콤한 마요 소스? 그리고 머스터드와
매운 빨간 소스 이렇게 5종이었던 것 같아요!
저는 개인적으로 가운데의
불닭마요와 비슷한 양념 소스가 맛있었네용 강남 역삼 맛집으론 이미 맛 하나는
보장된 이 나이티지만의 장작구이 치킨이 나왔어요.
이날은 밥이 더 먹고 싶어서 단품으로 시켰는데,
비주얼이 장난 없죠?! 숯불 양념 장작구이 (20,900원)
참나무로 구워낸 닭과 감자튀김, 그리고
매콤한 숯불 직화 소스가 함게 나오는데요.
여기 따로 주시는 직화 소스가 정말 맛있더라구요?
매콤+달달의 조합인데, 부드러운 닭고기와 조합이 정말 좋았어요! 감자튀김도 갓 튀겨져 나와서 바삭하니
당연히 맛있고..
닭이며 감자튀김이며 소스도 다양하니
질리지 않게 다양한 맛으로 즐길 수 있으니 더욱 좋았어요~ 닭을 반으로 가르니 저 부드러운 살코기 보이시나요?
약간 분홍빛의 살코기가 마치 안 익은 것 같지만,
핑킹현상으로 단백질로 인해 나타나는 현상이라네요?!
닭고기 자체는 너무 부드럽고 촉촉했어요!!
닭 가슴살마저 맛있으니.. 남은 건 뼈 조각들뿐..
역시 또 방문한 강남 역삼 맛집은 대.만.족이었습니다~ 나이티지의 닭 안에 들어있는 이 밥도
숯불 양념장에 푸욱 찍어 먹으니
정말 맛있었어요!! 해물 로제 리조또 (16,900원)
신선한 해물이 가득 들어간 로제 리조또를 주문했어요!
로제 양념이 진하고 간도 적당하게 되어 있어서
정말 싹싹 긁어먹었습니다.. 굴과 오징어, 새우 등 각종 신선한 해물과
그 안에 부드러운 리조또의 조합.
전에는 파스타 먹었었는데, 리조또도 정말 잘하네요ㅜㅜ 이 꽉 찬 굴 속살 좀 보세요!
하나도 안 비리고 너무 맛있었네요~ 저번과는 다른 메뉴들로 주문을 해먹었는데,
올 때마다 맛있으면.. 단골 각이잖아요!!! 여기 메뉴 하나하나 다 먹어보고 싶은 욕심이 드네요..
그래서 다음 재방문 때 먹을 메뉴는 이미
마음속으로 치즈 들어간 메뉴로 정했답니다 ㅋㅋㅋ 색다른 분위기에 친구들과 맥주 한 잔,
로맨틱한 무드에 연인과 맛있는 저녁,
일 끝나고 동료들과 회식자리 등
어떤 자리에도 추천하고 싶은 강남 역삼 맛집이었습니다~ 아니.. 장작구이 치킨도 잘하는 나이티지에 
이렇게 후식으로 먹을 수 있는 상하목장 아이스크림까지 있으니
갓벽한 마무리였답니다~ "
1,[역삼] 모도우 강남N점 : 역삼 맛집 프라이빗 룸식당에서 한우 코스 즐기기,"뿌요
(lovelove_pyo)",2022. 3. 11. 20:36,"모도우 강남N점 오랜만에 미니님 보기로 한 날,
강남쪽에서 보기로 하고 뭐 먹을까, 역삼 맛집 찾아보다가 가게 된 모도우!
맛있는 고기가 먹고 싶기도 했고, 모든 룸이 단독룸으로 되어있어서 다른 사람과 마주칠 일이 거의 없겠다 싶어서 조용히 식사하기 좋을 것 같아 모도우로 선택했어요. 역삼역에서 도보 3분 정도 가까운 거리에 위치해있는 강남N타워 지하에 위치해있어요.  외관부터 엄청 고급지지 않나요? 요즘은 한식이나 한우를 코스로 내어주는 곳이 좋더라구요 ;ㅅ;  제가 제일 좋아했던 부분 중 하나.
진짜 모든 좌석이 이렇게 프라이빗룸으로 되어있어요.
근처에 회사가 많으니 직장인 회식이나 접대, 미팅 장소로도 좋을 것 같구,
코로나 시국에 다른 사람이랑 마주칠 걱정 없이 편하게 식사가 가능한 분위기라 좋았습니당! 요렇게 룸 하나하나가 다 분리되어있는 프라이빗룸이라는 점! 요긴 저희 자리! 역삼 맛집 모도우 강남N점의 메뉴를 보실까요?!
메뉴는 코스 요리가 메인이었는데, 한우 구이가 나오는 B코스가 좋아보여서 B코스로 주문했어요.
A코스는 한우 샤브샤브가 나와요. B코스에서 맘에 들었던 점은 한우 미역국도 나온다는 점... ;ㅇ;/// 소고기 들어간 미역국은 무조건 옳다는거 아시죠.... 그 외의 디너코스는 이렇게 구성되어있습니당! 좋았던 점 중 하나가, 테이블 위에 핸드폰을 올려놓으면 바로 충전이 되는 무선 충전기가 있더라구요.
이런 사소한것 하나하나가 배려받는다는 느낌을 받게 했어요! 첫 요리는 아보카도를 싼 참치요리인데, 간이 강하지 않은 소스와 같이 서빙되어 왔어요. 제가 원래 아보카도도 좋아하구 참치도 좋아하거든요.. 이 조합 칭찬해 ;ㅅ;
아보카도 특유의 크리미하면서 고소한 맛이 참치와 너무 잘 어울리더라구요. 간이 많이 강하지 않아서 첫 스타터로 어울리는 메뉴라는 생각이 들었어요. 두번째로는 한우 육회. 육회가 특이했던 점은, 보통 일반적인 육회는 베이스를 고추장으로 해서 육회를 만들잖아요?
여기 육회는 고추장이 아닌 간장 소스를 베이스로 해서 만들었는지 고추장 특유의 강하고 매콤한 간이 아니었어요.
그래서 오히려 코스로 즐기기에 맛있었던 것 같아요. 육회를 먹고 있으니까...
이건 와인을 같이 마셔줘야한다!!! 싶어서 미니님이 와인을 사주셨지 모예요,,  저희가 주문한 와인은 몬탈토, 페논 힐 샤르도네. 엄청 깔끔하고 깨끗한 맛이었어요.
저는 개인적으로 바디감이 묵직한 와인을 싫어하고 잘 못 마시는데... 이 와인은 바디감도 가볍고 말 그대로 깔끔한 맛이라 음식들이랑 잘 어울리더라구요! 그 다음 나온 새우전. 잘 버무린 파채와 함께 탱글한 새우 속살이 가득 들어차있어서 맛있었어요. 새우전까지 먹고 나면 이제 본격적으로 한우 구이 셋팅을 해주신답니다! 한우 비장탄 숯불구이.
타다끼같은 느낌으로 겉면만 살짝 초벌구이해서 나와서 사실 그대로 먹어도 맛있지만,
취향에 맞게 좀 더 익혀먹으면 따뜻하게 먹을 수 있어서 더 맛있는 한우구이. 같이 나온 밑반찬으로는 마늘쫑 무침과, 배추김치 그리고 오이무침이 있었는데 다 맛있었지만 개인적으로는 오이무침이 원픽이었어요.
적당히 새콤하면서 은은한 달콤함과 짭쪼름함이 있는, 아삭한 오이무침.
고기랑 잘 어울렸어요. 같이 나온 한우미역국과 잘 지어진 하얀 쌀밥. 무조건 맛있는 조합 아닌가요 ㅠㅠㅠㅠㅠ 미역국+쌀밥+고기라니....
미역국은 소고기가 듬뿍 들어가 꼬소하면서도 너무 맛있는 미역국이었고, 쌀밥도 고슬고슬 잘 지어져나왔어요. 이제 고기를 굽굽해봅니다! 요기에 원하는 만큼 올려서 구워먹으면 되구 새콤달콤한 소스에 입맛에 맞게 찍어먹으면 되어요. 개인적으로 좋았던 부분은 한우구이도 1인 1플레이트로 따로 셋팅되어 나온다는 점이에요.
보통 고깃집 가면 하나에 나오니까 고기굽는 사람이 따로 있기 마련인데.. 여긴 1인 1플레이트라서 자기가 먹고싶을때 원하는만큼만 직접 구워먹을 수 있어서 넘 좋았어요. 요렇게 굽굽해주면 됩니다! 저는 살짝만 익혀먹었어요. 육즙 가득한 한우구이 ㅠㅠㅠㅠ 넘 부드럽고 고소했어요. 요렇게 파채나 같이 나온 야채구이를 한번 더 익혀서 곁들여 먹어주면 꿀맛. 밥을 다 먹고 마무리 디저트로 나오는 빙수.
샤인머스캣과 딸기가 토핑되어 나와요. 서걱서걱한 얼음 샤벳 식감이고 새콤달콤한 맛인데, 새콤한 맛이 좀 더 강해서 고기를 먹고 나서 깔끔하게 마무리하기에 좋았습니다.
전반적으로 조용한 분위기에서, 단독룸에서 식사하는 분위기도 너무 좋았고
음식들도 다 정갈하고 깔끔해서 맛있었던 모도우.
역삼 맛집 찾으시는 분들, 특히 조용한 룸식당에서 식사할 곳을 찾으시는 분들에게 추천드려요!!  문의: 02-6250-0900
매일 11:00 - 22:00 (브레이크타임 15:00 - 17:00)
라스트오더 21:00"
2,역삼맛집 + 수제버거 캐스터네츠 메뉴 꿀팁 강남N타워,아가다,2022. 2. 27. 21:26,"안녕하세요. 맛집블로거 아가다입니다. 집콕하며 그리운 첫번째음식. 지난 사진첩 뒤져 올려보는 핫플 역삼맛집 예정된 수제버거 전문점 캐스터네츠 예욥! 서울로인, 램브란트, 모도우에 이은 오픈의 야심작이자 역삼역 인근 강남n타워 맛집으로 등극할 곳인데요. 최근에 잠실의 프리미엄 수제버거땜에 더욱 핫해진 수제버거시장.
이제 동네마다 맛있는 햄버거집은 패스트푸드 말고도 한 군데씩 꼭 있는 필수 맛집으로 역삼맛집이자 강남수제버거맛집 시장에 출사표를 던진 곳이랍니다! 캐스터네츠 메뉴는 요로케!
수제버거 6가지, 사이드메뉴 6가지 꽤 간단한 메뉴라인업이라 고민을 많이 하지 않아도 좋아요.
저흰 새우싫어하는 사람이 껴있어 ㅋ 그분은 기본중에 기본인 하모니치즈버거를 셀렉하고 
캐스터네츠만의 시그니처라는 쏨땀이 들어간 파파야새우버거와 미리 찾아본 정보로 맛있다고 소문난 바질토마토버거를 주문했어요.
미리 썰을 풀자면 세메뉴 모두 성.공.적.
제가 못먹어본 베이컨이 더 추가된 하모니베이컨치즈버거역시 수제버거 기본이라 맛있을 테고
꽈리고추가 들어간 치킨꽈리버거랑 연단불고기버거도 캐스터네츠에서만 판매하는 메뉴일 것 같아 다음에 꼭 재방문해서 먹어보려구용 주문은 카운터주문도 가능했지만, 키오스크에서도 가능했어서 키오스크에서 주문을 하려고 하는데- 
캐스터네츠 사이드메뉴에서도 살짝 고민이 되긴 했어요. 다들 맛있다던 핫윙인가 고구마튀김인가 감튀인가.....
다 먹기엔 분명 많을 것 같았는데, 사실 주문해보고 남자분이 한 분 껴있다면 사이드도 맘껏 주문하시길 추천해요
양이 막 어마무시하게 넘쳐나지 않아서 조금 안심하고 주문해도 좋답니다.
그래서 저흰 햄버거 세개 플로트 두종류- 애플민트와 레드베리, 살라미감튀, 고튀 이렇게 추가했어요. 매장 분위기가 넘모 내 서탈이었어요. 
1번 사람이 없어 휑-하니 코시국에 딱이었고, 2번 테이블간 거리도 널찍널찍해서 프라이빗했고, 모노톤 그린 그레이 조합의 전체 분위기가 딱 취저.
  타다!
우리 메뉴 다 나오긔. ㅎ ㅏ앍, 맛있겟다 그쵸. 처음 먹어보는 역삼맛집 플로트랑 캐스터네츠 버거, 비주얼 깡패더라구욥 기본중에 기본 버거예요. 8,9라는 가격도 기본가격이었구요.
두껍고 노오란 체다치즈가 멜팅되어있는 모습이 예쁘구, 패티는 잘 안보이지만 딱 수제버거의 그 맛있는 패티라 클래식하게 즐기기 좋은 메뉴예요. 우리집 어린이가 드신거고, 보통의 패스트푸드점 주니어사이즈 버거는 다 드시는데 요날은 플로트랑 사이드 같이 즐기더니만 햄버거 하나 다 못먹었어요. 캐스터네츠 메뉴의 번 사이즈는 다 똑같은데 기본 버거도 양이 작지만은 않더라구요. 그리고 우리집 어린이가 가장 사랑했던 플로트! 요 그린컬러의 플로트는 애플민트 소다위에 바닐라 아이스크림이 한스쿱 올려진 음료예요.
레드컬러는 레드베리 소다위에 있는데 원랜 아이스크림을 소다에 섞어드셔도 되고 그냥 취향껏 따로 또 같이 드셔도 되어요!
우리는 청량감을 느끼기위한 소다로 먹고 아이스크림은 디저트 느낌으로 먹었답니다. 그래서 이렇게 함께나온 사이드 중에서 고구마튀김이랑 감자튀김에 찍어먹었어요. 강남수제버거맛집인 쉑쉑 처럼 쉐이크에 찍어먹는 프렌치프라이맛 나염 ㅋㅋ 햄버거의 영원한 짝꿍 감튀와 마늘과 로즈마리를 튀겨올려 반지르르 살라미를 더한 메뉴예요. 6,9라는 감튀치곤 약간 나쁜 가격같아보이지만 통감자 썰어서 튀겨주시는 것 같 다고 믿을 가격으로 보면 안나빴어요. 두가지 딥도 케쳡과 갈릭마요? 같은 느낌의 마요소스였는데 둘다 맛있었어요. 개인적으로 살라미를 그닥 좋아하지 않는데 요건 워낙 잘 저며두고 잘 튀겨서 긍가 맛있었어요. 감튀랑 곁들이기 좋은 조합! 이게 바로 캐스터네츠를 널리 알려줄 것 같은 시그니처 쏨땀이 들어간 파파야 새우 버거였는데요. 처음엔 어떤 맛일까 궁금했는데 한입 베어 물곤 우왕! 이런맛이구나!! 했던 아이예요. 가격은 10,9로 제일 비싼 고오급 버거. (그래도 고든램지버거에 비함 쌈!) 참고로 저는 고수매니아입니다. 실란트로 코리앤더 모어모어를 외치는 찐 러버라서... 제 입맛에 맞을 수 밖에 없었어요 ㅎㅎ
동행인도 고수에 대해서는 중수정도 되는 분인데 드셔보시고 나뿌지 않다 하셨으니 고수를 드실 줄 아는 분이면서 동남아의 맛과 향을 즐길 줄 아신다면 도전해보시라고 추천드리고파요. 새콤달콤한 쏨땀을 아시고 좋아하시는 분이라면 쏨땀에서 오는 그 반미샌드위치에서의 새콤 달콤함과 와사비의 알싸함 그리고 잘 튀겨진 고급 새우 패티에서오는 새우의 육즙과 새우향에 고수가 더해졌으니.... 그냥 맛있는거 종합세트 정도로 생각하시면 될거같아요. 나 반미 좋아해요. 그런데 햄버거 빵에 끼워먹는 반미는 생각해본적 없어요~ 특히 새우패티요? 하시는 분들껜 추천 드립니다.
단, 새우 시러요- 고수 시러요- 동남아 향 더 싫어요- 하시면 다른거 드세요.
일반적인 수제버거는 아니랍니다.
아! 그리고 살짝 짭짤하니 맥주생각나더라구요. 맥주 주세요.. 맥주 파세요..... ㅋ ㅑ - 이아이도 참 괜찮았던 역삼맛집의 기본 버거였어요. 가격은 9,9 드라이 토마토랑 바질이랑 모짜렐라치즈는 뭐 말해무해요 당장 맛있죠!! 
이건 정말 호불호 없이 기본 치즈수제버거 외에 조금 더 신선한 맛을 즐기고싶다! 하시는 분들께 추천 드려용 :) 나의 최애 메뉴였던 고구마튀김. 원래도 고구마는 맛있죠. 맛있어서 좋아하는 식재료라 놓칠 수가 없었습니다....
그래서 사실 감튀파랑 나뉘어서 윙봉버리고 고구마로 갔는데 넘 잘했어요. 스스로 셀프칭찬.
길다란 고구마 통째로 썰어서 튀긴건데...... 소스도 맛있고 향이 살짝 뭔가 있는데 익숙하면서도 낯선 그 향이 진짜 맛있었어요.
가격은 6,9였는데 양도 많아서 괜츈해요!! 그래서 저능..... 위에 올려진 크리스피한 고구마튀김이랑 두꺼운 고구마튀김이랑 정말 많이 먹었어요. 
디저트로 먹기에도 굳굳요! 햄버거 먹고싶어서 수제버거 맛집찾아 역삼으로 간날이었는데  강남N타워에있어서 역삼맛집 중에선 주차도 편리하고 쉽고 지하 식당가들도 잘 꾸려져있어서 먹고 디저트 함께 하기도 좋고 너무 편했던 날이었어요. 나오는길에 ㅎ 제가 처음 갔을 때보다 더 흥한 램브란트 보면서.. 저 중간에 타오르는 불길 너무 예쁘다고 생각하며...
조만간 여기도 다시 와야겠다 다짐했어요.
서울로인도요-
모도우도요....
진짜 하나하나 모두 놓치기 싫은 오픈의 외식매장들. 어느하나 놓치지 않을 수 없어서 ㅎㅎㅎ 제가 보장하는 곳이예요. 시도해보세요!!
(주) 오픈으로 부터 일부 식사를 제공받았습니다."
3,[역삼역 맛집] 캐스터네츠 강남N점 - 강남 수제버거 맛집,"야세
(yase90)",2022. 4. 1. 8:58,"퇴근 후 친구와 만나 간단하게 저녁을 먹고 들어가기로 하였다. 이 날 비가온다고 하여 실내에서 보기로 하였고, 강남 수제버거 맛집 캐스터네츠 강남N점에서 접선하였다.  역삼역 근처 강남 N타워 지하 2층에 위치하고 있는 캐스터네츠. 생긴지 얼마 안되어서 그런지 엄청 깔끔했다. 
민트 빛의 테이블이 엄청 키치했던 매장 내부😇 주문은 키오스크를 통해서 주문하면 된다. 메뉴판 
햄버거는 8가지 종류가 있었고, 그 외 사이드 메뉴 (감튀/ 고구마튀김/ 윙/ 콘샐러드 등) 및 여러가지 음료들이 있었다.
  주방은 오픈키친이었고, 한눈에 보기에도 엄~청 깔끔해 보였다. 식기와 물티슈, 티슈 등은 셀프바에서 이용 가능하다.  주문을하고 약 10분정도 기다리니 음식이 나왔다. 
친구랑 둘이서 햄버거 1개씩과 사이드 2개, 음료를 각각 1개씩 시켰더니 2개의 트레이에 준비해 주셨다. 민트민트한 자리를 배경으로 사진을 찍으니까 너무 예쁘게 나왔다.  파파야 새우버거 \10,900
콘샐러드 \4,500
블루레몬 플로트 \6,500 새우버거에는 채썬 당근과 양파, 양상추, 완전 통통했던 새우살 그리고 + 고수 가 들어갔다. 주문 시 고수를 넣어도 괜찮겠냐고 문의해 주시니 고수를 안좋아하면 빼면된다.
완전 통통했던 새우버거의 단면. 
한입 크게 베어물으니 입안가득 새우향이 퍼졌다. 원래 새우버거를 그리 좋아하진 않았는데 이 날 여기서 새우버거를 먹어본 후 인식이 완전 달라졌다. 진짜 맛있는 거구나!!! 
내가 먹어본 새우버거 중 정말 원탑이었다.  코우슬로를 시킬까 콘샐러드를 시킬까 고민하다가 뭔가 옥수수의 톡톡 터지는 식감이 그리워서 시켜본 콘샐러드
특이하게도 마늘 후레이크가 들어가 있었는데 콘샐러드와 정말 잘어울렸다. 좀 더 고급진 콘샐러드 맛? 하모니 베이컨 치즈버거 \13,900
고구마 튀김 \6,900
애플민트 플로트 \6,500  비쥬얼 끝판왕이었던 베이컨 치즈버거
육즙 가득했던 패티와 적당하게 촉촉했던 번. 
베이컨+치즈 때문인지 약간 짭쪼름한 것이 매력적이었다. 이쯤되면 궁금해지는 플로트라는 음료!!
블루레몬/ 레드베리/ 애플민트 3가지 맛이 있었고, 우리는 블루레몬/ 애플민트를 주문해보았다. 
각자 이름에 맞는 맛의 소다 위에 바닐라 아이스크림이 얹어져 있었던 음료.
바닐라 아이스크림은 조금 떠 먹다가 나중에 음료에 섞어 먹으면 쉐이크같은 맛이 났다. 우리는 고구마튀김에 바닐라 아이스크림을 얹어서 먹었는데 그것도 괜찮은 조합이었다. 마지막으로 너무 맛있었던 고구마튀김!! 
오동통한 튀긴 고구마와 얇게 슬라이스하여 튀긴 고구마가 같이 나왔다. 보통은 아주 얇은 고구마 스틱을 많이 팔던데 여기는 통통한 고구마 튀김이어서 더 풍부한 맛이 느껴졌다. 함께 나온 소스랑 찍어먹으니 진짜 맛있었다. 
캐스터네츠는 버거 뿐만 아니라 사이드메뉴도 하나같이 다 너무 맛있어서 만족 스러웠다. 특히 새우버거는 내가 먹어본 새우버거 중 가장 살도 오동통하니 맛있었다. 역삼이나 강남 근처에서 수제버거 맛집을 찾고 있다면 캐스터네츠 강남N점 완전 강추 강추 강강추!!! ※ 본 포스팅은 캐스터네츠 강남N점에서 
식사권을 제공받아 솔직하게 작성한 글입니다.
#역삼맛집 #역삼역맛집 #강남수제버거맛집 #수제버거맛집 #서울수제버거맛집 #강남N타워맛집 #캐스터네츠 #캐스터네츠버거 #캐스터네츠강남N점 #수제버거맛집추천 #역삼데이트코스 #역삼역데이트코스 #강남맛집 #강남역데이트코스"
4,역삼역 맛집 [더뭉티기] 불금에 안성맞춤,"생닭
(kooltz1018)",2022. 5. 22. 23:26,"최근에 대구에 사는 지인들과 자주 카톡을 하다 보니
단톡방에선 수시로 뭉티기와 막창 얘기가 나왔다.
사실 막창은 (물론 대구에서 먹으면 더 맛있지만) 서울에서도
흔하게 볼 수 있고 먹을 수 있는 메뉴라서 크게 감흥이 없었는데
종종 뭉티기 사진을 볼 때마다.. 아.. 저절로 탄식이 나오는 게
이대로는 안 되겠다, 더워지기 전에 먹자! 해서
역삼역 맛집 더뭉티기를 방문했다. 더뭉티기는 매장 규모는 아담한데 손님 방문은 줄을 잇는 곳이었다.
그래서 방문 전 미리 네이버 예약을 꼭 하고 가시길 추천한다.
특히 뭉티기를 먹으러 갈 경우엔 무조건이었다.
우리는 롯데백화점 강남점에서 볼일이 좀 있어서
쇼핑을 마치고 도보로 이동했는데 금요일 저녁시간이라서
워크인으로 온 손님들이 매장 앞을 북적이고 있어 새삼 깜짝 놀랐다. 사진으로 보는 것처럼 매장 규모는 아담했다.
그런데 오른쪽 천막 같은 공간에 또 자리가 있어서
의외로 앉을 자리는 꽤 있는 편이었다.
하지만 역시나 저녁에 방문한다면
특히 금요일 저녁에는 꼭 예약을 하고 가길 추천한다. 메뉴는 사진과 같았다.
뭉티기가 아주 신선한 당일 도축 한우를 쓰기에
양 대비 가격대가 저렴한 메뉴라고 할 순 없었다.
대신 역삼역 맛집에서는 뭉티기 메뉴를 시킬 경우
선지 해장국을 큰 뚝배기에 가득 담아서 제공했기에
1차 식사 겸 술자리로 들른 손님들의 경우
여기에 공깃밥 하나 정도를 추가해서 먹으면 좋을 듯했다.
그 외에도 여러 세트메뉴가 잘 마련되어 있어 좋았다. 우리는 뭉티기 소(43,000) + 육회비빔밥 보통(11,000) 
+ 공깃밥 (1,000)을 시켜서 주문했다.
앉은 테이블이 둘이 마주 앉기에 딱 아담한 사이즈라서
메뉴가 다 나오면 혹시 비좁을지 몰라 걱정했는데
의외로 요리조리 알차게 잘 수납이 되어서 다행이었다. 역삼역 맛집은 뭉티기를 특제소스에 찍어 먹을 수 있었는데
참기름, 다진 마늘, 고추장 양념, 잘게 썬 고추를
훌훌 섞어서 쫄깃한 뭉티기를 푹 찍어 먹으면
저절로 소주 생각이 간절해져서 참 곤란해졌다ㅎㅎ 이어서 뭉티기 주문 시 서비스로 나오는 선지 해장국도 등장!
우리 역시 하루 종일 바쁜 일정을 보내다가
저녁 식사를 위해 (술은 다음 날 일정을 위해 아쉽지만 생략)
방문한 터라 뭉티기 만으로는 식사가 안 될 것 같아
밥을 추가로 주문했다. 그리고 이날의 메인 주인공 찐 뭉티기도 납시었다.
꽃처럼 화려하게 수놓인 아름다운 뭉티기
아직 입에 넣지 않았지만 그 찰지고 담백한 맛이
눈으로만 보아도 제대로 느껴지는 듯했다. 접시 사이즈는 큰 편은 아니었는데
그래도 고기를 적당히 겹쳐서 쌓아올려주셔서
먹을수록 ""오오 생각보다 양이 많네?""
라며 남편과 같이 끄덕끄덕했다. 뭉티기는 지방이 거의 없는 우둔살(?) 부위를
당일 도축한 것으로 아주 신선한 상태에서만 쓰기 때문에
접시를 거꾸로 들어도 떨어지지 않는다는 말을 들었는데
우리는 쫄보라서 완전히 뒤집지는 못하고
이렇게 옆으로 세워서 들어보기만 했다.
그마저도 접시에 붙인 게 아니라
고기들끼리 겹쳐 있는 것 때문에 떨어질까
조마조마했는데 의외로 튼튼하게 붙어 있어
남편과 또 오오오~~ 하며 감탄을 했다. 서비스로 나온 해장국에는 선지도 실하게 들어 있고
우거지, 대파 등의 채소도 엄청 듬뿍 들어 있어서
그냥 단품 식사 메뉴가 같이 나온 것 같았다.
여기에 공깃밥 하나만 곁들이니 한 사람 식사는 충분했다. 양념장은 보이는 것 대비 그렇게 많이 맵지는 않았다.
나는 생고추는 무서워서 잘 안 먹는 맵찔이인데
역삼역 맛집에서는 좀 야무지게 뭉티기에 얹어 먹어보았다.
먹으면 먹을수록 불금에 이 메뉴를 술 없이
그냥 먹는 나 자신이 참 대단하면서도 안타까웠다ㅎㅎ 진짜 쫜득! 하고 찰지다는 느낌이 딱 맞았다.
대구 현지만큼은 아니겠지만 그래도 서울에서 먹을 수 있는
뭉티기치고는 거의 최상급 퀄리티라는 생각이 들었다.
가까이만 산다면 배달 또는 포장으로라도
자주 사다 먹을 것 같은 퀄리티와 맛이었다. 마지막으로 나눠먹기는 하지만 주로 내가 다 먹어치운
육회비빔밥이 나왔다.
사람 욕심이 끝이 없다고 메뉴판에는 보통 11,000원짜리와
특 17,000원짜리가 있으니 특 사이즈를 시키고 싶었지만..
그래도 일단 양심껏 작은 것으로 먹어보기로 했다.
한우 육회비빔밥이라 너무 양이 적을까 걱정했는데
양념장은 과하지 않아 신선한 고기 본연의 맛을 즐길 수 있게
하면서 밥 한 공기는 너끈히 비비고도 남을 육회가
듬뿍 올려져 나와서 식사 자체로는 아주 만족스러웠다. 육회비빔밥을 슥슥 비벼 한 숟갈 크게 먹었다.
잘게 썬 파채도 듬뿍 들었고 미나리도 가득이라서
아삭하면서도 향긋한 식감과 향이 일품이었다.
쫄깃한 육회와 찰진 밥이 어우러지는 맛도 물론 좋았다. 나는 선지 해장국을 먹지 않아서 따로 시킨 공깃밥은
한 숟갈 정도만 덜어 국물과 채소 건더기를 곁들여 먹어보기도 했다.
같이 나온 김치와 함께 먹으니 이 식사 또한 너무 좋았다.
처음에 뭉티기만 생각하면 2~3차 정도로 오기 좋은
술자리 장소라고 생각했는데 막상 식사와 서비스 해장국을
먹어보니 1차부터 달려도 충분한 역삼역 맛집이라는 것을 알게 됐다. 의외로 먹으면 먹을수록 양이 잘 안 줄던 뭉티기 
그런데 작은 사이즈라서 더 만족스러웠던 양
강남 쪽에서 제대로 뭉티기를 하는 핫플을 알게 되어 참 좋았다. "
5,[역삼역맛집]이영자 전참시 맛집 차돌삼합진대감역삼점 솔직후기,Sisterhood,2022. 3. 11. 21:00,"ㅋ ㅑ~~~~악 드뎌 왔어요 ㅋㅋㅋㅋ
진작에 한번 와보고 싶었는데 계속 못오다가 드뎌!!!
두둥~~~~~~왔어요 ㅋㅋㅋㅋ
얼마나 먹고 싶었던 #차돌삽합인가 ㅋㅋㅋㅋ
걸어 가는 발걸움이 엄청 가볍네요 사뿐사뿐~~
#역삼역맛집
#역삼맛집
#전참시맛집
#차돌삼합진대감
#진대감역삼점 저기 앞에 차돌삼합진대감 보이세요??
우훗~~~~기다리고 기다리던 시간 ㅋㅋㅋㅋ
역삼으로 이사오고 가장 오고깊었던 곳인데 ㄱ
코로나로 방역패스때문에 못오고 
바빠서 못오고 이제야 오네요 차돌삼합 진대감 
#진대감 들어가봅시다
얼마나 맛있는지 ㅋㅋㅋ 생각했던거보다 엄청 깔끔하니 
분위기 괜찮네요  자리에 앉아요
이리저리 마구 둘러보면서 블로그인으로써 사진 막찍고 
마구마구 구경해요
#시스터후드 서울 촌년 같네요 ㅋㅋ 테이블 가림판에
“진대감 차돌삼합 맛있게 먹는 방법”
적혀 있어요 ㅋㅋㅋ
좋다 ㅋㅋㅋ
심장이 두근두근해요 ㅋㅋ 메뉴!!!
뭐 고민할것도 없이 #한우차돌삼합 2인주세요~~~ 기본상이 차려졌어요~~
뭐지 뭐지 구경구경 ㅋㅋㅋㅋㅋㅋㅋ 상을 차려 주시면서 “초밥밥은 드시지 마세요”
하시고 김치도 따로 놓고 가시드라구요 ㅋㅋ 샐러드는 저는 별로 더라구요
참 !! 요 옆에 나물은 뭐지 알려주셨는데 
뭐였더라 ㅋㅋㅋ 요 세 반찬들이 차돌삼합과 함께 할 아이들 역삼맛집
역삼역맛집
#역삼고깃집
#이영자맛집진대감
진대감역삼점
차돌삼합진대감 차돌삼합을 구울 판이죠~~ 갑자기 이 빵같이 큰아이 ㅋㅋㅋ
완전 뜨거운 계란찜 서비스래요 ㅋㅋㅋㅋ
완전 맛나요 풍선같이 ㅋㅋ 우와~~~~~~~
꽃같네요
차돌과 관자 하나는? 아까 제가 말한 아이들
빨리 빨리 먹고 싶어요 ㅋ 역삼역맛집
차돌삼합진대감은 너무 친절하게 다 구워주신답니다
#구워주는고깃집
진대감역삼점 지글지글 아시죠??
차돌과 관자다 엄청 금방 익는다는 사실을ㅋㅋㅋ
한편에 신김치를 구워주시는데 이 아이도 너무 맛있어요
대박 ㅋㅋㅋ
송이 버섯에 보이세요??
#진대감 써 있네요 ㅋㅋㅋㅋㅋ 하나하나 놓치고 싶지 않아 영상으로 급하게 찍었네요
차돌에 관자를 넣고 나물을 함께 넣어서 싸주세요 요로케 이쁘게 제 앞접시에 놔주세요
아~~떨려
한입 먹어볼까요??? 생와사비와 기름장인데 저는 와사비만 넣고 먹을께요
아~~~~
미쳤다!!!!!!!!!!!!!!!!!  두번째 구운 차돌삼합 아이들은 
초밥밥 위에 이쁘게 올려주시네요 ㅋㅋㅋ 이놈들 먹어봅시다 
진짜 미쳤다 
요것도 너무 맛있어요 진짜 초밥 밥이랑 환상적이 조합 
더 먹고 싶었는데 초밥 밥을 더 달라기 좀 민망해서 참았음 ㅋㅋㅋ
다음에 가서는 더 달라 해야지 ㅋㅋ 차돌삼합에 갓김치가 잘 어울린다 길래
한번 싸서 먹어봤어요
음~~짤어울리네요
느끼함을 확 잡아줘요 ㅋㅋ 메뉴에 있던 한우꽃게된장찌개
#역삼동한우맛집
#한우차돌구이
한우집에 와서 된장찌개를 안먹으면 안되죠?? 안에 고기도 많이 들어있고 
꽃게도 가득 ㅋㅋ
국물이 시원하니 끝내줘요
짜지도 않고 밥 조금 말아서 차돌한입 된장찌개 한입
먹으니 느끼함이 확 없어져요 시스터후드의 먹방 아시죠??
절대 둘이서 2인분으로 안되는거 ㅋㅋㅋ
그래서 1인분 추가 하려다가 2인분 다시 추가!!
처음 먹는거 처럼 먹어야지 ㅋㅋㅋ 2인분 추가라 그런가 앞접시에 올려주지는 않드라구요 ㅋㅋㅋㅋ
뭐 내가 가져다 먹어야죠~~ㅋㅋ 아~~저기 메뉴가 있었네요 이제봄 ㅋㅋㅋ
새조개 삼합도 있어요 그래서 차돌삼합을 둘이서 4인분을 먹지 말고
2인분 먹고 한우꽃게된장찌개랑 볶음밥을 먹는것도 좋은거 같아요 4인분 먹고 볶음밥 먹고 싶었지만 
너무 배부를꺼 같아서 참았는데 
다음에는 2인에 볶음밥 먹는걸로~~그럼 딱 맛있게 먹었다 싶을꺼 같아요 차돌삼합 진대감!!
너무 맛있고 저는 소고기를 좋아해서 더 그럴수도 있어요 
ㅋㅋ하지만 제 입에는 최고 ㅋㅋㅋ
역삼맛집
역삼역맛집
역삼소고기맛집
차돌삼합진대감
이영자맛집 인정!! 영업시간도 확인해 보시고 가셔요~~
#회식장소 로도 딱!!!"
6,역삼 맛집 수제버거가 맛있었던 캐스터네츠 CASTANETS,다크윤,2022. 3. 21. 8:00,"수제버거가 맛있었던 캐스터네츠 역
삼 수제버거 맛집에 다녀왔어요. 완전 믿을 만한 기업에서 새로 오픈한 곳이었기 때문에 기대감이 엄청 컸는데요, 역시나 너무 만족스러웠어요! 제가 다녀온 곳은 독특한 재료로 조화를 이루는 감각적인 수제버거 맛집 '캐스터네츠'에요! 전체적인 인테리어도 너무 예뻤고 특히나 통통한 새우 패티의 새우버거가 너무 맛있었어요! 그럼 바로 소개해 드릴게요.  역삼 맛집 캐스터네츠 위치는 강남N타워 지하 2층이구요, 역삼역에서 약 250m 정도 거리로 역삼역 4번 출구에서 도보로 약 3분 정도 소요돼요. 주차도 2시간 무료 주차 가능해서 편하게 주차하고 식사했어요.  안녕하세요 다크윤이에요:)
저는 빵 종류는 안에 고기나 햄이 들어간 걸 좋아해요ㅎㅎ 그래서 빵 중에서는 햄버거나 샌드위치를 정말 좋아하는데요, 이번에 정말 맛있는 수제버거 맛집에 다녀왔어요! 제가 다녀온 곳은 도쿄등심, 모도우, 서울로인, 램브란트, 암소서울 등을 운영 중인 (주) 오픈에서 운영하는 곳이에요! 그래서 무조건 맛있을 거란 믿음을 가지고 방문했거든요 ㅎㅎ 근데 역시는 역시! 진짜 맛있더라구요!!!  역삼 맛집 캐스터네츠는 오픈한지 불과 얼만 안된 따끈따끈한 신상 수제버거 전문점이에요! 이번에 강남N타워에 모도우도 오픈했더라구요! 조만간 모도우도 방문해 봐야겠어요 ㅎㅎ 점점 N타워에 (주) 오픈에서 운영하는 매장이 많아지고 있더라구요! 진짜 너무 좋아요!!  역삼 맛집 캐스터네츠 인테리어 보여드릴게요! 지하 주차장에서 엘리베이터 타고 내려서 오른쪽으로 쭈욱 들어오시면 이렇게 민트색 인테리어의 CASTANETS가 보이실 거예요! 워낙 화사하게 꾸며 놓으셔서 바로 눈에 띄더라구요! 저희는 일요일 오픈 시간에 방문해서 여유롭게 즐길 수 있었는데요, 점점 손님이 많아지더니 테이블 반 이상이 금방 차더라구요 ㅎㅎ 이 주변은 회사가 많아서 평일은 정말 정신없을 것 같았어요! 매장 정말 넓죠? 전체적으로 민트색 컬러의 포인트가 너무 예쁘더라구요! 저희는 이른 시간에 방문해서 이렇게 매장 전반적인 인테리어 사진을 촬영할 수 있었어요! 아무래도 손님이 많이 계시면 차령 하기 좀 힘들잖아요 ㅎㅎ워낙 매장이 넓어서 테이블 간 간격도 넓어서 좋았구요, 한쪽에 스트로우, 냅킨, 물티슈, 포크, 나이프 등은 따로 마련되어 있어서 필요하신 분들은 편하게 가져가시면 될 것 같아요!  역삼 수제버거 맛집 메뉴 보여드릴게요! 주문은 키오스크를 통해 하시면 되는데요, 요것도 넘 고급 진 것! ㅎㅎ 버거 메뉴는 파파야 새우버거, 치킨 꽈리버거, 하모니 베이컨 치즈버거, 하모니 치즈 버거, 바질 토마토버거, 연탄 불고기버거가 있었구요, 프렌치프라이, 살라미 프렌치프라이, 고구마 튀김, 코오슬로, 콘샐러드, 핫윙 등의 사이드 메뉴도 준비되어 있더라구요! 여기에 세 가지 종류의 플로트와 각종 탄산음료, 맥주도 있어서 햄맥 하기도 넘 좋을 것 같았어요:) 주문하고 기다리는 시간! 저희는 아주 야무지게 주문했답니다! 최근에 수제버거를 자주 먹다 보니까 이제 프랜차이즈 햄버거는 못 먹겠더라구요 ㅎㅎ CASTANETS는 또 얼마나 맛있을까 너무 기대됐어요!!!  파파야 새우버거 10.9
하모니 베이컨 치즈버거 10.9
콘샐러드 4.5
고구마 튀김 6.9
플로트 / 블루베리 6.5
제로콜라 3.5 Scandinavian moss
Reindeer moss / 스탄디나비안 모스 : 순록 이끼라고도 하고 물을 주지 않아도 공중 습도로 반영구적으로 형태를 유지하는 preserved moss를 뒷 배경으로 사진 촬영해 봤는데 너무 멋지죠? 근데 햄버거가 돌아가 있네요ㅠㅠ 어쨌든 캐스터네츠 강남은 매장이 너무 예쁘더라구요!  파파야 새우버거 10,900원
PAPAYA SHRIMP BURGER 
먼저 소개해 드릴 수제버거는 파파야 새우버거인데요, 두툼하고 큼직한 패티가 들어가 있는 게 너무 먹음직스럽더라구요! 주문 후, 바로 준비해 주시는 건데도 오래 걸리지 않았고 금방 나와서 더 좋았어요:) 번 안에  통새우 패티가 들어가 있었는데요, 엄청 두툼하더라구요! 캐스터네츠 베스트1 메뉴라고 해서 주문해 봤는데 역시나 주문하길 잘한 것 같아요!! 메뉴판에 나와 있는 사진과 싱크로율 100% 너무 맛있어 보였어요:) 매장명이 왜 캐스터네츠 CASTANETS일까 궁금했는데 이렇게 수제버거를 보니 꼭 입 벌리고 있는 캐스터네츠 같지 않나용? ㅎㅎ  하모니 베이컨 치즈버거 10,900원
HARMONY BACON CHEESE BURGER
다음은 하모니 베이컨 치즈버거에요! 치킨 꽈리버거와 많이 고민했는데 치즈 버거는 꼭 먹어봐야 할 것 같아서요!! 근데 이것도 너무 맛있어 보이잖아요!!! 저 베이컨 너무 좋아하는데 언뜻 봐도 베이컨이 가득 들어있더라구요!!  번 위에 통깨가 가득!!! BURGER HARMONY CASTANETS 라고 되어 있는 걸 봐서 하모니 버거도 시그니처 메뉴 중 하나인 것 같더라구요! 패스트푸드 햄버거에서 보지 못했던 비주얼이라서 정말 맛이 궁금해졌어요!!  콘샐러드 4,500원
CORN SALAD
사이드 메뉴 중에 어떤 걸로 주문할까 고민하다가 제가 너무 좋아하는 콘 샐러드 하나 주문했어요! 일반적인 콘 샐러드와 달리 옥수수, 파프리카, 그리고 잘게 부순 나초칩이 들어가 있더라구요! 양도 무지 많아서 둘이서 나눠 먹기에 딱 좋았어요:) 고구마 튀김 6,900원
SWEET POTATO FRIED
제가 수제버거 포스팅하면서 계속 생각했던 게 왜 감자튀김만 있고 고구마튀김은 없을까 항상 궁금했거든요! 근데 이렇게 뙇!!! 고구마튀김이 메뉴에 있더라구요! 저는 감자보다 고구마를 훨씬 더 좋아해서 묻지도 따지지도 않고 바로 주문했어요!  감자튀김처럼 얇은 느낌의 튀김이 아니라 고구마를 큼직하게 썰어서 튀겼더라구요! 양도 엄청 푸짐하게 많았고 그 위에 고구마를 얇게  슬라이스 한 튀김도 올라가 있었는데 너무 맛있어 보이더라구요!  플로트 / 블루베리 6,500원
FLOAT
요건 아이스크림 플로트에요! 미국에서 만든 음료라고 하는데 탄산음료에 아이스크림을 올려 만든 거래요! '아이스크림소다'라고 부르기도 한다는데 블루베리 / 레드베리 / 애플민트 세 가지 맛 중에서 저는 블루베리로 주문했어요!  신나는 느낌의 힙한 수제버거 맛집 CASTANETS 메뉴 동영상으로 촬영해 봤어요! 음악도 좋고 분위기도 좋고 무엇보다 주문한 메뉴가 하나같이 다 맛있어 보였어요!  먼저 파파야 새우버거 먹어볼게요! 역삼 맛집 캐스터네츠의 좋았던 점은 이렇게 접시 위에 올려 주셔서 편하게 잘라먹을 수 있단 점이었어요! 수제버거는 들고 먹기는 하지만 재료가 풍성하게 들어가 있어서 먹는데 조금 불편하잖아요! 근데 이렇게 반으로 잘라서 나눠 먹을 수도 있어서 넘 좋더라구요!  파파야 새우버거 단면 보여드릴게요! 얇은 번 안에 엄청 두툼한 새우 패티와 야채, 그리고 당근이 듬뿍 들어가 있더라구요! 여기에 고수도 정말 풍성하게 들어가 있었는데 ㅎㅎ 저희 남편은 아직 고수를 못 먹어봐서 이번에 처음 먹어보는 거였거든요! 근데 저처럼 비누 맛은 안 느껴진다고 하더라구요! 혹시나 여기서 사용하시는 고수는 다른 걸까? 싶어서 집어 먹어봤다가ㅠㅠ 역시 고수는 고수더라구요>_<  다음은 하모니 베이컨 치즈 버거에요! 살짝 메롱하고 있는 것 같은 ㅎㅎ 그만큼 정말 베이컨이 가득 들어가 있더라구요! 여기에 치즈 버거답게 치즈도 듬뿍 들어가 있었구요, 양파와 피클, 토마토까지 풍성하게 들어가 있더라구요!  하모니 베이컨 치즈 버거 단면도 보여드릴게요! 두툼한 소고기 패티에서 육즙이 줄줄 흘러나오는 게 진짜 너무 맛있더라구요! 여기에 치즈의 고소한 맛과 잘 어우러지고 양파와 피클 등 야채 덕분에 너무 조화롭고 맛있었어요bb  수제버거 먹으면서 중간중간 먹는 콘 샐러드 역시 너무 맛있더라구요! 옥수수가 톡톡 터지면서 파프리카의 아삭한 식감과 프레시함도 너무 좋았어요! 여기에 나초칩이 들어가 있는 게 정말 신의 한 수더라구요! 너무 바삭하고 맛있었어요!!  플로트는 역시 블루레몬이죠!! 쨍한 색감이 너무 예쁘지 않나요? 요즘 날씨가 정말 많이 풀렸는데 금방 여름이 오면 좋겠어요!! 암튼 첨에 블루레몬 먼저 먹다가 나중에 아이스크림과 섞어서 먹음 넘 맛있더라구요! 캐스터네츠 방문하시면 플로트 꼭 드셔보세요:) 그리고 왕 고구마튀김이에요 ㅎㅎ 완전 큰손인 우리 엄마 스타일 ㅎㅎ 그냥 먹어도 바삭하고 달콤한 게 너무 맛있었지만 함께 나온 소스에 콕 찍어 먹어도 완전 맛있더라구요! 고소하면서 살짝 매콤한 맛이 좋았어요! 보시면 아시겠지만 패티에 새우가 통으로 뙇 들어가서 정말 오동통한 생우 식감이 그대로 느껴지더라구요! 일반적인 프랜차이즈 새우버거와는 완전히 달랐어요! 새우버거는 무조건 드셔보시길 바라요! 그리고 저 원래 당근 별로 안 좋아하는데 여기 들어있는 당근은 달짝찌근한 게 완전 맛있었어요:) 치즈 버거도 진짜 맛있었어요! 짭짤한 치즈와 베이컨, 여기에 육즙 가득한 패티까지 함께 어우러지면서 넘 맛있더라구요! 중간에 들어있는 아삭한 피클은 느끼함도 싹 잡아주니까 최고!!  얇은 고구마튀김도 진짜 맛있었어요! 요고 아시죠? 먹다 보면 계속 먹게 되는 마성의 맛! 저 결혼 전 다이어트할 때 이거 못 끊어서 한참 고생했거든요 ㅎㅎ 오랜만에 먹으니까 더 맛있더라구요!  남편과 저는 수제버거 정말 좋아하는데요,  둘 다 먹고 너무 만족했던 곳이에요! 매장도 너무 예뻤고 직원분들도 다 친절하셔서 기억에 남았는데요, 통통한 새우의 식감이 그대로 살아 있었던 새우버거와 짭짤한 베이컨과 육즙 풍부한 소고기 패티의 조화가 맛있었던 하모니 베이컨 치즈 버거까지! 역삼 맛집 찾으신다면 수제버거가 맛있었던 캐스터네츠 추천해 드릴게요:)
본 포스팅은 (주) 오픈에서 식사권을 제공받아 솔직하게 작성했습니다. "
7,[역삼동] 모도우 - 프라이빗하니 모임하기 좋은 역삼 맛집,"꼬리스마
(hjy800911)",2022. 3. 24. 22:51,"강남N타워에 위치한 모도우 방문기. 이날은 디너 B코스로~ 시작으로 가볍게 먹기 좋은 부각과 약식 그리고 곶감 치즈. 우리의 맛과 비주얼을 모두 잘 살린 메뉴라고 볼 수 있겠다. 반가움의 건배로 시작.
원래 셋이 모이기로 했으나 한 놈이 갑자기 두 줄이 뜨는 바람에 ㅜㅜ 조촐하게 둘이서 만났던 날 ㅎㅎ 식감과 산뜻한 소스의 느낌이 좋아서 직원분께 다시 한번 물어봤음에도 기억이 안 나는 새우와 관자로 이루어진 전체. 플레이팅이나 맛 모두 만족스러웠던 역삼 맛집의 디시. 각자 가져온 와인을 블라인드 테이스팅~ ㅎㅎ
역삼 맛집 모도우는 와인 모임을 하기에도 아주 최적화된 장소라고 볼 수 있는데, 모든 좌석이 프라이빗 한 룸으로 되어있는데다가 콜키지프리이니 이보다 좋을 순 없지~ 다만 제공되는 와인잔은 평범하니 어느 정도 이상급의 와인을 마신다면 와인잔도 지참하는 것을 추천~ 다음으로는 호박수프, 새우전, 안심카츠산도, 떡모찌가 솔방울 위에 플레이팅되어 나온다. 호박 수프를 시작으로 시계방향의 순서로 먹으면 된다. 못 맞추게 하겠다고 단디 준비해 온 와인들에 맞지도 않는 품종과 느낌을 서로 외쳐대다가... 드디어 오픈.
와인 포스팅은 별도로 하겠지만 바롤로(또는 레스코)나 피노라고 확신했던 와인이 꼬르나스(시라)라니.... 물론 내가 가져간 이태리 메를로도 친구 녀석은 비디엠이라고 찍었던가? ㅋㅋㅋ 이윽고 서브된 농어구이. 무 조림을 좀 더 푹 익히고, 껍질을 좀 더 바삭하게 구워냈으면 좋았을 턴데.. 이날 유일하게 아쉬웠던 디시. 비장탄에 레어로 구워내 서브되는 한우와 야채. 테이블 위의 무쇠판에 원하는 굽기에 따라 조금 더 조리하여 먹으면 된다. 한우로 시작하여 다양한 체인을 운영하는 곳이니 만큼 고기의 퀄리티에는 이견이 없는 역삼 맛집 모도우. 곧이어 한우 미역국과 쌀밥, 찬이 준비된다. 아래는 와인이 남아 추가 주문한 성게알 오징어 냉채와 한우육회. 마무리로는 입을 깔끔하게 씻어주는 샤인 머스캣 딸기 얼음 빙수로~~ 만족스러웠던 식사와 와인이 있었던 밤이었다.
02-6250-0900
매일 11:00 - 22:00 브레이크타임 / 15:00 - 17:00  본 포스팅은 모도우 강남N점에서 식사권을 제공받아 솔직하게 작성한 글입니다"
8,역삼 맛집 타코벨신메뉴 멕시칸 브레드 타코 먹어봐요!,루시아,2022. 5. 5. 9:00,"평소 멕시칸 음식이 땡길때 즐겨 찾는 타코벨!
주변에 더 많아졌으면 좋겠단 생각이 들 정도로
제가 애정하는 최애 타코맛집 중 하나인데요.
최근 타코벨에서 맛있게 매콤한 신메뉴가 
새로 출시되었다는 소문을 듣고 누구보다
빠르게 신메뉴를 맛보러 타코벨로 향했습니다.
이번 신메뉴는 매콤해서 입맛을 확 돋우면서
스트레스를 쫙 풀어주더라구요~!!!
지금부터 솔직한 시식 후기 시작합니다♥ 저는 역삼 맛집 타코벨 역삼점으로 방문했답니다.
역삼역 3번 출구와 가까운 거리에 위치해 있어요. 타코벨은 전 세계 30개 국가에서 7,000여 개의
매장을 운영하고 있어 국내에서도 매장을 
쉽게 만나볼 수 있는 브랜드이기도 한데요. 
매년 전 세계 타코벨에서는 연간 20억 개의 
타코가 판매 중이라고 하더라구요 ㅎㅎㅎ
그만큼 많은 분들에게 꾸준한 사랑을 받고 있어요. 타코벨에서는 신메뉴 출시 기념으로 
기간 한정 무료제공 프로모션을 진행 중입니다.
타코벨 카플친에서 쿠폰을 다운로드한 후,
'소프트 맵시칸 브레드 타코 단품' 혹은
'크런치 맵시칸 브레드 타코 단품' 구매 시,
3,800원에 상당하는 초코디아와 아메리카노
(HOT or ICE)를 무료로 제공해 준다고 해요!
프로모션 기간은 ~5월 15일까지라고 하니 
이 좋은 혜택 놓치지 말고 꼭 누리시길 바랄게요! 단순히 배너광고만 봤을 때는 
 뭔가 엄청 매울 것 같은 느낌인데
맵시칸 브레드 타코의 경우 맵찔이도 
딱 맛있게 즐길 수 있는 적당한 맵기를
 가졌으니 너무 걱정하지 않으셔도 됩니다 :) 피크타임에 방문했더니 많은 사람들로 붐볐어요.
타코벨이 간단한 점심으로 먹기 딱 좋긴 하죠?
부담없는 캐주얼한 분위기에 혼밥도 거뜬한 곳! 1962년 탄생한 미국 최대 멕시칸 패스트푸드
브랜드 타코벨은 타코, 크런치랩, 브리또,
퀘사디아, 브리또보울, 치즈나쵸 등 
차별화된 캐주얼한 멕시칸 푸드를 판매중입니다.
다양한 메뉴가 있으니 선택의 폭이 넓어 좋네요! 모든 것이 셀프방식으로 이루어져 있고
매장 안 키오스크에서 주문하시면 됩니다. 맵시칸 브레드 타코는 세트메뉴로
소프트와 크런치 쉘을 모두 맛볼 수 있어요.
다양한 구성으로 더욱 푸짐하게 즐겨보자구요!
저는 고민할 필요없이 무조건 세트로 가자며
맵시칸 브레드 타코 세트 2종과 
오리지널 브레드 타코 단품 2종을 추가 주문했어요. 음료도 원하는 걸로 원하는 만큼
마실 수 있다는 게 타코벨의 장점이죠😎 이것이 바로 5월의 타코벨신메뉴! 
맵시칸 브레드 타코입니다.
바삭바삭한 크런치 타입과 
쫀득하고 부드러운 소프트 타입 
2가지를 한 번에 즐길 수가 있었어요.  정말 푸짐하고 먹음직스러워 보이지 않나요?
맥시칸 정통 타코의 맛과 포만감 가득한
2가지 브레드 타코와 함께
매콤한 양념이 가미된 맵짠한 나초칩은 덤으로! 비주얼 완전 미쳤다라다라다다
혼자 먹어도 푸짐하고
여럿이서 다양하게 즐기기에도 최고♥ 오리지널 브레드 타코에 비해 
더욱 맛있게 매콤해졌어요ㅎㅎ
한국인이라면 누구나 좋아할 맵기로
중독적인 매운맛을 지녔답니다. 바삭한 나초집까지 함께하니 
더 입이 즐겁고 행복했답니다.
먹다보니 양이 꽤나 많더라구요ㅎㅎ 오리지널 브레드 타코는 21년 10월 1일
'브레드 타코'라는 이름으로 출시한 메뉴로
담백한 맛과 든든함이 큰 특징이에요 ㅎㅎ 신선한 재료를 사용해 만들어진
든든점심메뉴 맵시칸 브레드 타코!
이런 알찬 구성을 합리적인 가격에 
만날 수 있으니 무조건 만족합니다. 세트 양이 좀 많다 싶으면 얼마든지
단품으로도 부담없이 즐길 수 있어요! 내용물도 야무지게 들어가서 
하나만 먹어도 배가 금방 차올랐어요.
총 6개의 타코로 인당 2개씩 먹었는데
정말 든든하게 잘 먹은 느낌을 받았답니다. 소프트 쉘은 쫀득하고 부드러워 
먹기 편하면서 담백한 맛이었어요.
플랫브레드를 사용한 두툼한 식감이 굿~~! 크런치 쉘은 바삭한 식감으로
고소하게 맛있는 느낌이 들었어요.
개인적으로 크런치 쉘이 저의 취향이네요🥰 바삭하게 때론 부드럽게 즐기는
타코벨신메뉴 맵시칸 브레드 타코♥
새로운 메뉴 도전 대성공이네요~!
동료들과 든든하게 먹은 점심이었습니다. 아직 프로모션 기간 진행중이니 역삼맛집
 타코벨에 재방문해서 또 먹어야겠어요.
만족스런 포만감을 느끼고 싶다면 추천해요:) "
9,역삼 맛집 강남 룸식당 모도우 디너,"이칭
(ccamjigi77)",23시간 전,"역삼 맛집을 찾는데
강남 룸식당을 찾는다면
전부 룸 형태로 되어 있어서
진짜 가기 좋은 곳
모도우 강남N점
#강남 회식, #강남한우맛집, #강남룸식당, #역삼맛집 오랫만에 아는 지인을 만나
맛난거 좋은거 먹자며 방문했음
역삼 맛집 강남 룸식당 모도우 디너
모도우는 빈틈없이 야무진 사람의 순우리말로 야무지체 차려낸 한우 다이닝이라는 뜻이라고 함
우리가 흔히 강남 한우 고기 맛집 하면 숯불에 고기 굽는것만 생각할 수 있는데
전통 음식을 보다.. 현대화 시켰다고 생각하면 될려나
강남이 회사들도 많고 외국 손님들과 강남 회식이거나
중요한 접대 자리로 괜찮을것 같고
그냥 팀회식해도 ! 우리팀 회식은 언제 하나요?
ㅎㅎㅎㅎㅎ 런치메뉴도 별도로 있고요
조금 더 저렴함 일부 메뉴는 추가로 주문할 수 있어요 나는 역삼 맛집 강남 룸식당 모도우 디너 코스 중 B코스
한우 비장탄 숯불구이가 나오죠
고기집 같은데 ..왠 코스요리인가 싶죠? 맨 처음 나오는 음식은 맞이 음식으로
약식 , 찹쌀김부각, 곶감치즈
친절하신 직원분이 음식 설명부터 먹는 순서까지 알려주심 그리고 나온 아라새우관자
이건 정말 처음 보는 음식이었음 새우와 관자, 식초소스가 어우러진 한입요리로
입맛을 돋아주는 음식이라고 해야 할까요
수저를 이용해서 새콤달콤 소스와 함께 먹는 음식
푸딩 같은 느낌이기도 한데
관자와 새우가 있어서 씹는 맛도 있음 역삼 맛집 강남 룸식당 모도우 디너
네품요리 4가지 요리를 팔각 트레이에 올려 나오는 음식
일단 한식스러운 느낌
전통적인 느낌에 .. 아기자기한 음식들 단호박스프부터 시계방향으로 새우전, 안심샌드, 모찌리도후 이렇게 먹으면 되고요 달지않으면서 너무너무 연한.. 어떻게 표현해야 할까요
정말 곱게 갈아진 단호박스프라고 해야 하나
단호박 싫어하는데 역삼 맛집 강남 룸식당 모도우 디너 단호박은 한그릇 뚝딱 통통한 새우전과 ( 새우 튀김이랑 달라요) 새우 식감이 살아 있어요
한우로 만든 샌드위치도 홀그레인 머스타드 소스와 잘 어울리고
쫄깃한 모찌리도후도 정말 맛나요 사계절요리로는 보리에 숙성시킨 농어구이와 무조림
바질소스 리조또 같이 나옴
이날 먹은 코스 요리 중에
고기를 빼면 ( 한우는 무조건 최고니까!)
단호박스프와 농어구이가 제일 맛났음
내 주관적인 입맛에 ㅎㅎ 무조림과 바질소스 리조또를 한꺼번에 먹어야 맛있다고 설명해주셔서 이렇게 수저에 담아서 먹어봅니다 아주아주 부드러운 농어구이와 간이 되어진 무조림
그리고 쫄깃식감 리조또
이거만 단독 메뉴로 팔면
더더 먹고 싶어지는 맛
슬슬 배가 차오고 있습니다 그렇지만 정말 정말 메인 요리는 아직 안나왔죠!
기본 반찬들이 세팅이 되고 역삼 맛집 강남 룸식당 모도우 디너의 메인요리
비장탄 숯불구이.. 비장탄에 초벌구이가 되서 나온다고 생각하면 되요
겉은 익히고 불맛 가득한 상태로 나오는 숯불구이
한우고기집에서 숯불에 고기 구워 먹을라면
연기나고 난리가 나잖아요
여긴 미리 초벌구이가 되서
불맛은 불맛대로 그대로 느낄수 있으면서
쉽고 간편하게 먹을 수 있는게 장점 테이블에 있는 불판에 불을 올리고 역삼 맛집 강남 룸식당 모도우 디너 숯불구이 먹을 준비 레어를 좋아하면 이대로 먹어도 되고요
저는 조금 더 익힌게 맛있기에..ㅎㅎ 익혀 먹었지요 밥도 같이 달라고 해서 나온 미역국, 쌀밥 먹을 준비 끝 고기를 원하는 정도로 치칙 익힌 후에
맛있게 먹으면 됩니다
고기가 ..진짜 고기가 너무 맛있어요 >ㅁ< 고기는 씨겨자에 찍어 먹어도 되고
곁들여 나온 야채와 같이 먹어도 되고
밥이랑 먹어도 되고
원하는 대로~
각자 스타일대로 먹으면 됩니다 고기만도 먹어보고 파채랑도 냠냠
어떻게 먹어도 맛있는 한우숯불구이
여기 정말 강남 한우 고기 맛집 맞아요 마지막 디저는 청포도 감귤 얼음빙수
얼음에 청도포가 씹혀요
마지막까지 깔끔하게 마무리 역삼 맛집 강남 룸식당 모도우 디너 📞 02-6250-0900
콜키지 프리매장
모든 좌석이 프라이빗룸으로 되어 있어 직장인 회식이나 미팅, 접대장소로 추천
코로나 시국에 안성맞춤으로 모든 좌석이 룸으로 되어 있어 편안한 식사가 가능함
'본 포스팅은 모도우 강남N점에서 식사권을 제공받아 솔직하게 작성한 글입니다' "
